roi_index	roi_name	slope	intercept	population_residual	r_squared
0	DefaultA_FPole_1_L	-0.013852	0.143653	0.160912	0.000216
1	DefaultA_IPL_1_L	-0.074606	0.148931	0.160444	0.006021
2	DefaultA_IPL_2_L	-0.087462	0.148756	0.160439	0.006082
3	DefaultA_PCC_1_L	-0.037771	0.144741	0.160882	0.000591
4	DefaultA_PFCd_1_L	0.009268	0.140656	0.16092	0.000122
5	DefaultA_PFCm_1_L	-0.011496	0.143032	0.160923	8e-05
6	DefaultA_PFCm_2_L	-0.04431	0.144043	0.160896	0.00041
7	DefaultA_PFCm_3_L	-0.023425	0.143564	0.160911	0.000224
8	DefaultA_PFCm_4_L	-0.482874	0.147204	0.160558	0.004606
9	DefaultA_PHC_1_L	-0.072138	0.150782	0.160269	0.008186
10	DefaultA_Temp_1_L	-0.087618	0.152071	0.159869	0.013139
11	DefaultA_Temp_2_L	-0.107183	0.152382	0.159916	0.012557
12	DefaultA_TempPole_1_L	-0.891246	0.14584	0.160559	0.004592
13	DefaultA_pCun_1_L	-0.004586	0.142386	0.160928	1.1e-05
14	DefaultB_FPole_1_L	-0.023948	0.144567	0.160888	0.000513
15	DefaultB_IPL_1_L	-0.169031	0.151101	0.160059	0.010784
16	DefaultB_IPL_2_L	-0.089903	0.151592	0.160086	0.010456
17	DefaultB_PCC_1_L	-0.049534	0.143539	0.160908	0.000266
18	DefaultB_PCC_2_L	-0.00827	0.14263	0.160927	3.2e-05
19	DefaultB_PFCd_1_L	0.033514	0.135886	0.160763	0.002068
20	DefaultB_PFCd_2_L	0.033733	0.136335	0.160776	0.001907
21	DefaultB_PFCd_3_L	0.032245	0.137147	0.160806	0.001528
22	DefaultB_PFCd_4_L	0.014131	0.140351	0.160914	0.000186
23	DefaultB_PFCl_1_L	-0.059617	0.152317	0.160377	0.006858
24	DefaultB_PFCv_1_L	-0.421219	0.150833	0.159855	0.013309
25	DefaultB_PFCv_2_L	-0.301695	0.150572	0.160006	0.011442
26	DefaultB_Temp_1_L	-0.134359	0.152876	0.159806	0.013913
27	DefaultB_Temp_2_L	-0.106929	0.152797	0.159903	0.012718
28	DefaultB_TempPole_1_L	-0.073529	0.15281	0.159866	0.013167
29	DefaultB_TempPole_2_L	-0.098171	0.151665	0.159906	0.01268
30	DefaultC_IPL_1_L	-0.077143	0.1495	0.160365	0.007001
31	DefaultC_PFCd_1_L	-0.021458	0.144369	0.160897	0.000402
32	DefaultC_PFCd_2_L	-0.029806	0.145017	0.16087	0.000739
33	DefaultC_PHC_1_L	-0.07078	0.150136	0.160352	0.007168
34	DefaultC_PHC_2_L	-0.0951	0.148263	0.160381	0.006807
35	DefaultC_RSC_1_L	-0.029289	0.144067	0.160892	0.000464
36	DefaultC_RSC_2_L	-0.056654	0.146576	0.160788	0.001754
37	DefaultC_RSC_3_L	-0.042373	0.145715	0.160828	0.001255
38	DefaultC_pCun_1_L	0.028001	0.140016	0.160895	0.000425
39	DefaultC_pCun_2_L	0.00298	0.141869	0.160929	3e-06
40	DefaultC_pCun_3_L	-0.00131	0.14212	0.160929	1e-06
41	Language_IFG_1_L	-0.077758	0.157065	0.159675	0.015529
42	Language_IFG_2_L	-0.165025	0.155172	0.159568	0.016844
43	Language_IPL_1_L	-0.174976	0.151198	0.160002	0.011495
44	Language_PFCd_1_L	0.053031	0.134446	0.160657	0.003377
45	Language_PFCd_2_L	0.020869	0.139413	0.160892	0.000465
46	Language_PFCl_1_L	-0.10341	0.156055	0.159634	0.016039
47	Language_Temp_1_L	-0.124029	0.153352	0.159777	0.014264
48	Language_Temp_2_L	-0.090285	0.152116	0.159859	0.013252
49	Language_Temp_3_L	-0.130854	0.15186	0.159862	0.013223
50	Language_TempPole_1_L	-0.091997	0.15178	0.159956	0.012066
51	ContA_Cingm_1_L	0.053651	0.132932	0.160543	0.004791
52	ContA_IPS_1_L	-0.098485	0.146588	0.160659	0.003361
53	ContA_IPS_2_L	-0.108076	0.147202	0.160597	0.004124
54	ContA_IPS_3_L	-0.068703	0.145148	0.160796	0.001654
55	ContA_Ins_1_L	-0.221485	0.149107	0.160367	0.006977
56	ContA_OFC_1_L	-0.371054	0.152177	0.159594	0.016521
57	ContA_PFCd_1_L	-0.047353	0.14805	0.160711	0.002708
58	ContA_PFCl_1_L	-0.100382	0.156351	0.159576	0.016749
59	ContA_PFCl_2_L	-0.09399	0.157939	0.159479	0.017949
60	ContA_PFCl_3_L	-0.12688	0.155589	0.159695	0.015279
61	ContA_PFCl_4_L	-0.087463	0.152825	0.16021	0.008922
62	ContA_Temp_1_L	-0.123357	0.156799	0.159323	0.019862
63	ContB_FPole_1_L	-0.052105	0.146699	0.16077	0.001977
64	ContB_IPL_1_L	-0.091591	0.149246	0.160356	0.007118
65	ContB_IPL_2_L	-0.094574	0.149902	0.16032	0.007561
66	ContB_IPS_1_L	-0.076303	0.148075	0.160549	0.004718
67	ContB_OFC_1_L	-0.144435	0.151846	0.160112	0.010126
68	ContB_OFC_2_L	-0.103952	0.147869	0.160645	0.003529
69	ContB_OFC_3_L	-0.08535	0.14604	0.160786	0.001787
70	ContB_PCC_1_L	0.005089	0.141845	0.160929	3e-06
71	ContB_PFCd_1_L	-0.126412	0.151725	0.160321	0.00755
72	ContB_PFCmp_1_L	0.037972	0.135587	0.160736	0.002403
73	ContB_Temp_1_L	-0.083599	0.15217	0.159992	0.011619
74	ContB_Temp_2_L	-0.116589	0.154498	0.15963	0.016085
75	ContC_Cingp_1_L	-0.046413	0.145193	0.160855	0.000928
76	ContC_Cingp_2_L	0.065484	0.132083	0.16049	0.005453
77	ContC_FPole_1_L	-0.034258	0.145439	0.160853	0.000949
78	ContC_Ins_1_L	-0.132217	0.150403	0.160305	0.007741
79	ContC_PFCm_1_L	0.005261	0.141456	0.160927	2.4e-05
80	ContC_PFCm_2_L	-0.009119	0.142707	0.160926	4.2e-05
81	ContC_PHC_1_L	-0.097247	0.146419	0.16072	0.002602
82	ContC_pCun_1_L	-0.006834	0.142609	0.160926	4.2e-05
83	ContC_pCun_2_L	-0.007702	0.1426	0.160926	3.8e-05
84	SalVenAttnA_FrMed_1_L	0.02826	0.138727	0.160869	0.000751
85	SalVenAttnA_FrMed_2_L	-0.00606	0.142547	0.160927	2.5e-05
86	SalVenAttnA_FrOper_1_L	-0.109083	0.152903	0.160045	0.010958
87	SalVenAttnA_IPL_1_L	-0.122497	0.150889	0.16015	0.009664
88	SalVenAttnA_Ins_1_L	-0.057436	0.151811	0.160417	0.006362
89	SalVenAttnA_Ins_2_L	-0.068838	0.153355	0.160057	0.010812
90	SalVenAttnA_Ins_3_L	-0.05534	0.152854	0.159999	0.011523
91	SalVenAttnA_PFCd_1_L	0.112646	0.129565	0.160229	0.008683
92	SalVenAttnA_SPL_1_L	-0.01291	0.142843	0.160924	7.3e-05
93	SalVenAttnA_SPL_2_L	0.071791	0.137531	0.160786	0.001787
94	SalVenAttnA_SPL_3_L	0.032379	0.139599	0.160887	0.000532
95	SalVenAttnB_IFG_1_L	-0.083148	0.156343	0.159669	0.0156
96	SalVenAttnB_IPL_1_L	-0.093093	0.148941	0.160412	0.006415
97	SalVenAttnB_IPL_2_L	-0.114676	0.149349	0.16028	0.008059
98	SalVenAttnB_Ins_1_L	-0.252712	0.157625	0.159199	0.021388
99	SalVenAttnB_Ins_2_L	-0.067524	0.153222	0.160217	0.008833
100	SalVenAttnB_OFC_1_L	-0.22543	0.151749	0.159933	0.012345
101	SalVenAttnB_OFC_2_L	-0.326721	0.149826	0.160129	0.009927
102	SalVenAttnB_PFCl_1_L	-0.057015	0.147805	0.160714	0.002677
103	SalVenAttnB_PFCl_2_L	0.011177	0.140812	0.160921	0.000108
104	SalVenAttnB_PFCl_3_L	-0.111736	0.155274	0.159812	0.013843
105	SalVenAttnB_PFCmp_1_L	0.007777	0.1412	0.160925	5e-05
106	SalVenAttnB_SPL_1_L	0.027424	0.139669	0.160893	0.000451
107	SalVenAttnB_Temp_1_L	-0.178491	0.152428	0.15983	0.013615
108	DorsAttnA_IPL_1_L	-0.151649	0.147625	0.160513	0.005165
109	DorsAttnA_IPL_2_L	-0.122022	0.147338	0.160551	0.0047
110	DorsAttnA_IPS_1_L	-0.045895	0.147598	0.160605	0.004021
111	DorsAttnA_IPS_2_L	-0.05965	0.145014	0.160813	0.001443
112	DorsAttnA_IPS_3_L	-0.022507	0.14378	0.160892	0.000462
113	DorsAttnA_IPS_4_L	-0.111611	0.147154	0.160557	0.004618
114	DorsAttnA_PFCd_1_L	0.007461	0.140899	0.160923	7.5e-05
115	DorsAttnA_PrCd_1_L	-0.030958	0.145768	0.160848	0.001016
116	DorsAttnA_PrCv_1_L	-0.089547	0.154196	0.159851	0.013361
117	DorsAttnA_SPL_1_L	0.015323	0.140786	0.160917	0.000154
118	DorsAttnA_SPL_2_L	-0.006499	0.142649	0.160925	5e-05
119	DorsAttnA_TempOcc_1_L	-0.122807	0.1558	0.159404	0.018867
120	DorsAttnA_TempOcc_2_L	-0.110572	0.154483	0.159581	0.016685
121	DorsAttnA_TempOcc_3_L	-0.129269	0.153903	0.15963	0.016086
122	DorsAttnA_TempPole_1_L	-0.642257	0.145672	0.160501	0.005311
123	DorsAttnA_TempPole_2_L	-0.389641	0.145409	0.160625	0.00378
124	DorsAttnB_FrMed_1_L	0.091231	0.134132	0.160593	0.004178
125	DorsAttnB_ParOper_1_L	-0.169088	0.146131	0.160681	0.003079
126	DorsAttnB_PostC_1_L	-0.075139	0.145384	0.160779	0.001863
127	DorsAttnB_PostC_2_L	-0.091699	0.14651	0.160665	0.003287
128	DorsAttnB_PostC_3_L	-0.072551	0.148599	0.160506	0.005257
129	DorsAttnB_PrCd_1_L	0.021639	0.139081	0.160887	0.000526
130	DorsAttnB_PrCd_2_L	0.011007	0.140479	0.160917	0.000159
131	DorsAttnB_PrCv_1_L	-0.106368	0.15224	0.160119	0.010047
132	DorsAttnB_SPL_1_L	-0.08594	0.146629	0.160679	0.003115
133	DorsAttnB_SPL_2_L	-0.022595	0.144739	0.160871	0.000721
134	DorsAttnB_SPL_3_L	0.000232	0.141995	0.160929	0.0
135	DorsAttnB_SPL_4_L	0.052669	0.138773	0.160845	0.001044
136	Aud_Ins_1_L	-0.058664	0.151819	0.16008	0.010524
137	Aud_ParOcc_1_L	-0.096819	0.150846	0.160111	0.010143
138	Aud_ST_1_L	-0.075438	0.149889	0.160291	0.007912
139	Aud_ST_2_L	-0.184155	0.15193	0.159973	0.011853
140	Aud_ST_3_L	-0.10202	0.150662	0.160045	0.010957
141	Aud_ST_4_L	-0.108054	0.149632	0.160196	0.00909
142	Aud_ST_5_L	-0.212986	0.15095	0.160024	0.011224
143	Aud_ST_6_L	-0.109646	0.151722	0.15992	0.012502
144	Aud_ST_7_L	-0.091261	0.149913	0.160156	0.009583
145	Aud_TempPole_1_L	-0.295649	0.150978	0.159789	0.014126
146	SomMotA_ParOper_1_L	-0.24512	0.148376	0.16049	0.005447
147	SomMotA_1_L	0.087222	0.136922	0.160765	0.002043
148	SomMotA_2_L	-0.024394	0.14465	0.16089	0.000492
149	SomMotA_3_L	-0.069167	0.147494	0.160686	0.003019
150	SomMotA_4_L	-0.121121	0.147777	0.160587	0.00425
151	SomMotA_5_L	-0.099706	0.146175	0.16071	0.002727
152	SomMotA_6_L	0.0314	0.13976	0.160896	0.000412
153	SomMotA_7_L	-0.049027	0.147371	0.160726	0.002527
154	SomMotA_8_L	-0.078458	0.147953	0.160571	0.004452
155	SomMotA_9_L	0.075916	0.137405	0.160773	0.001942
156	SomMotA_10_L	0.110671	0.132846	0.160452	0.005929
157	SomMotA_11_L	0.079908	0.137207	0.160766	0.002025
158	SomMotA_12_L	-0.010536	0.142713	0.160926	4.4e-05
159	SomMotB_Ins_1_L	-0.059579	0.152088	0.160198	0.009074
160	SomMotB_ParOper_1_L	-0.074349	0.150769	0.160381	0.0068
161	SomMotB_ParOper_2_L	-0.188887	0.148384	0.160475	0.00564
162	SomMotB_1_L	0.028172	0.139477	0.160889	0.000499
163	SomMotB_2_L	-0.008072	0.142616	0.160927	3e-05
164	SomMotB_3_L	-0.067158	0.148971	0.160584	0.004293
165	SomMotB_4_L	-0.052422	0.148304	0.160654	0.003425
166	SomMotB_5_L	-0.118967	0.147124	0.160638	0.003624
167	SomMotB_6_L	-0.118328	0.148322	0.160482	0.005553
168	SomMotB_7_L	-0.075198	0.150445	0.160326	0.00748
169	SomMotB_8_L	-0.114508	0.145747	0.160742	0.00233
170	SomMotB_9_L	-0.084219	0.150587	0.160312	0.007659
171	VisualA_ExStr_1_L	-0.031424	0.144442	0.160864	0.000809
172	VisualA_ExStr_2_L	-0.037386	0.145729	0.160773	0.001942
173	VisualA_ExStr_3_L	-0.063943	0.147601	0.160569	0.004477
174	VisualA_ExStr_4_L	-0.112074	0.14807	0.160414	0.006399
175	VisualA_ExStr_5_L	-0.130435	0.151214	0.159909	0.012636
176	VisualA_ExStr_6_L	-0.255684	0.148769	0.160179	0.009303
177	VisualA_ExStr_7_L	-0.111697	0.150666	0.160077	0.010561
178	VisualA_ExStr_8_L	-0.170165	0.149956	0.1601	0.010278
179	VisualA_ExStr_9_L	-0.198724	0.150875	0.159871	0.013104
180	VisualA_ExStr_10_L	-0.209423	0.147841	0.160314	0.007633
181	VisualA_ExStr_11_L	-0.170383	0.149279	0.160137	0.009829
182	VisualA_PrC_1_L	-0.085161	0.151156	0.160349	0.007204
183	VisualA_SPL_1_L	-0.050404	0.144638	0.160844	0.001065
184	VisualB_ExStrInf_1_L	-0.308748	0.149986	0.160053	0.010857
185	VisualB_ExStrInf_2_L	-0.409204	0.146656	0.160463	0.005788
186	VisualB_ExStrInf_3_L	-0.14095	0.149616	0.160097	0.010322
187	VisualB_ExStrInf_4_L	-0.05619	0.14283	0.160915	0.000179
188	VisualB_ExStrSup_1_L	-0.088225	0.148355	0.160537	0.004865
189	VisualB_ExStrSup_2_L	-0.060421	0.147294	0.160638	0.003619
190	VisualB_ExStrSup_3_L	-0.142937	0.147521	0.16058	0.004333
191	VisualB_ExStrSup_4_L	-0.049928	0.145804	0.160772	0.001951
192	VisualB_ExStrSup_5_L	-0.05317	0.144732	0.160829	0.001242
193	VisualB_Striate_1_L	-0.152229	0.151568	0.160145	0.009723
194	VisualB_Striate_2_L	-0.163656	0.148777	0.160411	0.006428
195	VisualB_Striate_3_L	-0.105626	0.147313	0.160586	0.004266
196	VisualC_ExStr_1_L	-0.109748	0.149597	0.160353	0.007149
197	VisualC_ExStr_2_L	-0.146249	0.148766	0.16045	0.005945
198	VisualC_ExStr_3_L	-0.210197	0.150111	0.160073	0.010619
199	VisualC_Striate_1_L	-0.132192	0.150597	0.160311	0.00767
200	DefaultA_IPL_1_R	0.224125	0.117773	0.15647	0.054653
201	DefaultA_PCC_1_R	0.413517	0.124978	0.158716	0.027322
202	DefaultA_PFCd_1_R	0.353845	0.100285	0.15089	0.120871
203	DefaultA_PFCm_1_R	0.008159	0.141129	0.160924	6.6e-05
204	DefaultA_PFCm_2_R	0.054154	0.135368	0.160673	0.003189
205	DefaultA_PFCm_3_R	0.023006	0.140042	0.160902	0.000334
206	DefaultA_PFCm_4_R	0.359787	0.140737	0.160898	0.000388
207	DefaultA_PHC_1_R	0.152352	0.127529	0.159175	0.021683
208	DefaultA_Temp_1_R	0.137771	0.127793	0.158858	0.025575
209	DefaultA_Temp_2_R	0.147096	0.124982	0.158168	0.034019
210	DefaultA_Temp_3_R	0.107665	0.128503	0.159406	0.018844
211	DefaultA_TempPole_1_R	0.14582	0.131808	0.159877	0.013032
212	DefaultA_TempPole_2_R	0.614106	0.135347	0.160152	0.009641
213	DefaultA_pCun_1_R	0.204564	0.133346	0.160292	0.007909
214	DefaultB_FPole_1_R	0.011181	0.141183	0.160924	6.4e-05
215	DefaultB_IPL_1_R	0.252453	0.116755	0.155932	0.061144
216	DefaultB_PFCd_1_R	0.219863	0.098545	0.153357	0.091893
217	DefaultB_PFCd_2_R	0.151773	0.123429	0.15904	0.023347
218	DefaultB_PFCd_3_R	0.083905	0.132586	0.160365	0.007004
219	DefaultB_PFCd_4_R	0.091213	0.130622	0.160208	0.00895
220	DefaultB_PFCv_1_R	0.410212	0.12588	0.158525	0.029659
221	DefaultB_Temp_1_R	0.353838	0.115258	0.155722	0.063667
222	DefaultB_Temp_2_R	0.247538	0.122815	0.157574	0.041263
223	DefaultB_TempPole_1_R	0.117099	0.129003	0.159444	0.018372
224	DefaultB_pCun_1_R	0.189029	0.131774	0.16011	0.010154
225	DefaultC_IPL_1_R	0.12171	0.130304	0.159728	0.014877
226	DefaultC_IPL_2_R	0.167482	0.123318	0.158228	0.033284
227	DefaultC_IPL_3_R	0.33729	0.117727	0.156414	0.055325
228	DefaultC_PFCd_1_R	0.28898	0.099902	0.152779	0.098729
229	DefaultC_PHC_1_R	0.191328	0.130464	0.159637	0.016
230	DefaultC_PHC_2_R	0.121426	0.132125	0.159918	0.012529
231	DefaultC_RSC_1_R	0.053068	0.139231	0.160852	0.000961
232	DefaultC_RSC_2_R	0.095021	0.133276	0.160326	0.007485
233	DefaultC_RSC_3_R	0.166871	0.130376	0.159743	0.014691
234	DefaultC_pCun_1_R	0.150362	0.132996	0.160336	0.007355
235	DefaultC_pCun_2_R	0.11009	0.133969	0.160432	0.006176
236	Language_IFG_1_R	0.473504	0.111734	0.154011	0.084135
237	Language_PFCd_1_R	0.210279	0.099664	0.153446	0.090838
238	Language_PFCl_1_R	0.279099	0.100359	0.150241	0.128424
239	Language_PFCl_2_R	0.271911	0.099609	0.149496	0.137042
240	Language_Temp_1_R	0.188183	0.121485	0.157286	0.044767
241	Language_Temp_2_R	0.162995	0.126185	0.158428	0.030843
242	Language_TempPole_1_R	0.116507	0.127892	0.159173	0.021706
243	Language_TempPole_2_R	0.207449	0.132466	0.159985	0.011704
244	ContA_Cingm_1_R	0.234587	0.109014	0.155753	0.063298
245	ContA_IPS_1_R	0.305461	0.123053	0.157244	0.045281
246	ContA_IPS_2_R	0.336541	0.115024	0.154956	0.072858
247	ContA_IPS_3_R	0.193348	0.123375	0.158206	0.033557
248	ContA_IPS_4_R	0.218064	0.12475	0.158312	0.032268
249	ContA_OFC_1_R	0.351467	0.13104	0.159862	0.013221
250	ContA_PFCd_1_R	0.264929	0.096313	0.150412	0.126436
251	ContA_PFCl_1_R	0.258584	0.096376	0.148862	0.14435
252	ContA_PFCl_2_R	0.297656	0.096617	0.149573	0.136154
253	ContA_PFCl_3_R	0.27452	0.099796	0.150522	0.125162
254	ContA_PFCmp_1_R	0.168797	0.114803	0.15761	0.040827
255	ContA_SPL_1_R	0.058255	0.137013	0.160715	0.002663
256	ContA_Temp_1_R	0.190454	0.114658	0.15587	0.061894
257	ContB_FPole_1_R	0.164697	0.118708	0.157858	0.037805
258	ContB_IFG_1_R	0.257974	0.1006	0.150374	0.126875
259	ContB_IPL_1_R	0.304888	0.115648	0.155598	0.065159
260	ContB_IPL_2_R	0.195999	0.117488	0.156492	0.054387
261	ContB_IPS_1_R	0.224242	0.115314	0.155384	0.067728
262	ContB_OFC_1_R	0.263346	0.113485	0.15544	0.06706
263	ContB_OFC_2_R	0.591316	0.127815	0.15873	0.027144
264	ContB_OFC_3_R	0.105062	0.138893	0.160842	0.001086
265	ContB_PCC_1_R	0.258813	0.132331	0.160086	0.010453
266	ContB_PFCd_1_R	0.222052	0.095172	0.15052	0.125184
267	ContB_PFCl_2_R	0.248033	0.095227	0.14971	0.134567
268	ContB_PFCmp_1_R	0.120298	0.123154	0.159249	0.020772
269	ContB_Temp_1_R	0.150484	0.121294	0.157557	0.041472
270	ContC_Cingp_1_R	0.155406	0.119713	0.158315	0.03223
271	ContC_Cingp_2_R	0.153919	0.13013	0.160058	0.010802
272	ContC_IPL_1_R	0.272892	0.122921	0.157677	0.040017
273	ContC_Ins_1_R	0.312788	0.120102	0.1571	0.047028
274	ContC_OFC_1_R	0.347648	0.128666	0.159406	0.018836
275	ContC_OFC_2_R	0.243337	0.135771	0.160536	0.004881
276	ContC_PCC_1_R	0.660947	0.129677	0.159303	0.020106
277	ContC_PFCl_1_R	0.379653	0.093664	0.148836	0.144649
278	ContC_PFCl_2_R	0.240989	0.103532	0.152847	0.09793
279	ContC_PFCl_3_R	0.247911	0.120018	0.158018	0.035857
280	ContC_PFCm_1_R	0.168914	0.124513	0.159301	0.020137
281	ContC_PFCm_2_R	0.129787	0.132672	0.160339	0.007322
282	ContC_PFCm_3_R	0.160379	0.119986	0.158402	0.03116
283	ContC_pCun_1_R	0.059396	0.136506	0.160668	0.003243
284	SalVenAttnA_FrMed_1_R	0.235503	0.109395	0.156159	0.058407
285	SalVenAttnA_FrMed_2_R	0.177756	0.115652	0.157739	0.039255
286	SalVenAttnA_FrMed_3_R	0.268889	0.119229	0.157686	0.039902
287	SalVenAttnA_FrOper_1_R	0.326193	0.108932	0.151391	0.115022
288	SalVenAttnA_FrOper_2_R	0.407111	0.10634	0.150946	0.120227
289	SalVenAttnA_IPL_1_R	0.286004	0.113154	0.154423	0.079231
290	SalVenAttnA_IPL_2_R	0.374947	0.123512	0.157141	0.046531
291	SalVenAttnA_Ins_1_R	0.23904	0.09737	0.149144	0.141103
292	SalVenAttnA_Ins_2_R	0.31301	0.102139	0.150723	0.122824
293	SalVenAttnA_Ins_3_R	0.155785	0.126151	0.158779	0.026551
294	SalVenAttnA_PFCmp_1_R	0.19996	0.117323	0.157724	0.039439
295	SalVenAttnA_SPL_1_R	0.313146	0.125925	0.158814	0.026111
296	SalVenAttnA_SPL_2_R	0.197284	0.130247	0.159855	0.01331
297	SalVenAttnB_IFG_1_R	0.253374	0.101995	0.149687	0.134839
298	SalVenAttnB_IPL_1_R	0.332798	0.121228	0.156512	0.054146
299	SalVenAttnB_IPL_2_R	0.258671	0.116582	0.155697	0.063971
300	SalVenAttnB_IPL_3_R	0.304689	0.118756	0.156575	0.053385
301	SalVenAttnB_Ins_1_R	0.267426	0.10049	0.149745	0.134169
302	SalVenAttnB_Ins_2_R	0.567119	0.110825	0.152874	0.097608
303	SalVenAttnB_Ins_3_R	0.106223	0.122467	0.157923	0.037016
304	SalVenAttnB_OFC_1_R	0.33726	0.125702	0.158656	0.028058
305	SalVenAttnB_PFCd_1_R	0.332856	0.105106	0.154	0.084261
306	SalVenAttnB_PFCl_1_R	0.2959	0.099371	0.14911	0.141498
307	SalVenAttnB_PFCl_2_R	0.366776	0.103477	0.153658	0.088329
308	SalVenAttnB_PFCl_3_R	0.300925	0.10705	0.152583	0.101038
309	SalVenAttnB_SPL_1_R	0.194264	0.129289	0.159694	0.015297
310	SalVenAttnB_Temp_1_R	0.321657	0.115085	0.155763	0.063182
311	SalVenAttnB_Temp_2_R	0.13916	0.125919	0.158771	0.026641
312	DorsAttnA_IPS_1_R	0.309316	0.119164	0.156087	0.05927
313	DorsAttnA_IPS_2_R	0.20755	0.117196	0.156196	0.057962
314	DorsAttnA_PrCd_1_R	0.221959	0.102972	0.152231	0.105179
315	DorsAttnA_PrCv_1_R	0.278002	0.104086	0.149739	0.134234
316	DorsAttnA_SPL_1_R	0.081223	0.132967	0.160362	0.007038
317	DorsAttnA_SPL_2_R	0.099948	0.133192	0.160398	0.006588
318	DorsAttnA_SPL_3_R	0.067814	0.134666	0.16048	0.005578
319	DorsAttnA_SPL_4_R	0.075965	0.136032	0.160598	0.004112
320	DorsAttnA_TempOcc_1_R	0.20835	0.115359	0.156136	0.058686
321	DorsAttnA_TempOcc_2_R	0.150197	0.122481	0.157979	0.036326
322	DorsAttnA_TempPole_1_R	0.146416	0.137085	0.160529	0.004974
323	DorsAttnB_IPL_1_R	0.384644	0.122625	0.156184	0.058107
324	DorsAttnB_IPL_2_R	0.404627	0.126392	0.157815	0.038333
325	DorsAttnB_PostC_1_R	0.412901	0.123479	0.156601	0.053071
326	DorsAttnB_PostC_2_R	0.32336	0.119594	0.155581	0.065364
327	DorsAttnB_PostC_3_R	0.234679	0.121731	0.156982	0.04845
328	DorsAttnB_PrCd_1_R	0.232262	0.11017	0.154766	0.075135
329	DorsAttnB_PrCd_2_R	0.436069	0.105282	0.151926	0.108762
330	DorsAttnB_PrCd_3_R	0.248216	0.105875	0.154217	0.081677
331	DorsAttnB_PrCv_1_R	0.328124	0.104976	0.149781	0.133749
332	DorsAttnB_SPL_1_R	0.207648	0.123142	0.157784	0.038711
333	DorsAttnB_SPL_2_R	0.133619	0.123759	0.158403	0.031153
334	DorsAttnB_SPL_3_R	0.157151	0.131288	0.160067	0.010692
335	Aud_Ins_1_R	0.129272	0.115289	0.155189	0.070066
336	Aud_ParOcc_1_R	0.230691	0.121752	0.157659	0.040235
337	Aud_ParOper_1_R	0.250177	0.114434	0.155079	0.071385
338	Aud_ST_1_R	0.218853	0.11995	0.156495	0.054347
339	Aud_ST_2_R	0.236331	0.121678	0.156805	0.0506
340	Aud_ST_3_R	0.30337	0.124393	0.157648	0.040366
341	Aud_ST_4_R	0.254905	0.118932	0.156171	0.058267
342	Aud_ST_5_R	0.182195	0.12251	0.157231	0.04543
343	Aud_Temp_1_R	0.346667	0.118626	0.156462	0.054745
344	SomMotA_ParOper_1_R	0.476488	0.122241	0.156563	0.053528
345	SomMotA_1_R	0.253311	0.113411	0.156338	0.056252
346	SomMotA_2_R	0.246999	0.11186	0.154785	0.074902
347	SomMotA_3_R	0.37283	0.117746	0.15535	0.068143
348	SomMotA_4_R	0.585618	0.11965	0.155015	0.072154
349	SomMotA_5_R	0.230307	0.127133	0.159432	0.018522
350	SomMotA_6_R	0.232855	0.1217	0.157908	0.037201
351	SomMotA_7_R	0.195912	0.120517	0.157007	0.048151
352	SomMotA_8_R	0.391092	0.120358	0.155571	0.065488
353	SomMotA_9_R	0.188563	0.129447	0.159757	0.014522
354	SomMotA_10_R	0.203136	0.125906	0.159494	0.017765
355	SomMotA_11_R	0.209672	0.128128	0.159682	0.015437
356	SomMotA_12_R	0.279811	0.121427	0.158656	0.028057
357	SomMotB_Ins_1_R	0.176317	0.109932	0.153423	0.091116
358	SomMotB_Ins_2_R	0.308745	0.116231	0.154442	0.078995
359	SomMotB_ParOper_1_R	0.534264	0.115535	0.153808	0.086539
360	SomMotB_ParOper_2_R	0.621227	0.12243	0.156411	0.055368
361	SomMotB_1_R	0.313861	0.117416	0.157087	0.047177
362	SomMotB_2_R	0.261684	0.123039	0.158286	0.03258
363	SomMotB_3_R	0.298426	0.106087	0.151593	0.112668
364	SomMotB_4_R	0.558937	0.120408	0.155454	0.066893
365	SomMotB_5_R	0.354913	0.105296	0.14977	0.133879
366	SomMotB_6_R	0.388668	0.112344	0.152119	0.106493
367	SomMotB_7_R	0.407204	0.122594	0.156402	0.055472
368	VisualA_ExStr_1_R	0.058153	0.13735	0.160694	0.002927
369	VisualA_ExStr_2_R	0.113758	0.126623	0.159277	0.02043
370	VisualA_ExStr_3_R	0.058094	0.137381	0.16071	0.002723
371	VisualA_ExStr_4_R	0.086359	0.134476	0.160351	0.007174
372	VisualA_ExStr_5_R	0.08035	0.138346	0.160757	0.002144
373	VisualA_ExStr_6_R	0.115911	0.135265	0.160423	0.006289
374	VisualA_ExStr_7_R	0.168442	0.125269	0.158591	0.028851
375	VisualA_ExStr_8_R	0.167425	0.123694	0.158246	0.03307
376	VisualA_ExStr_9_R	0.146574	0.136868	0.160572	0.00444
377	VisualA_ExStr_10_R	0.10562	0.134488	0.160281	0.008038
378	VisualA_ExStr_11_R	0.241976	0.134635	0.160136	0.00983
379	VisualA_ExStr_12_R	0.170735	0.133758	0.160128	0.009932
380	VisualA_PrC_1_R	0.237801	0.102426	0.151667	0.111796
381	VisualA_SPL_1_R	0.17276	0.122728	0.157728	0.03939
382	VisualA_SPL_2_R	0.116707	0.124688	0.158624	0.028441
383	VisualB_ExStrInf_1_R	0.138419	0.134729	0.160321	0.007552
384	VisualB_ExStrInf_2_R	0.314223	0.134058	0.160159	0.009548
385	VisualB_ExStrInf_3_R	0.462316	0.136957	0.160464	0.005771
386	VisualB_ExStrInf_4_R	0.203206	0.134671	0.160234	0.008622
387	VisualB_ExStrSup_1_R	0.049593	0.138334	0.160806	0.001529
388	VisualB_ExStrSup_2_R	0.049941	0.13731	0.160706	0.002776
389	VisualB_ExStrSup_3_R	0.02534	0.141304	0.160923	8.4e-05
390	VisualB_ExStrSup_4_R	0.049517	0.137642	0.160735	0.002408
391	VisualB_ExStrSup_5_R	0.054987	0.138521	0.160794	0.001678
392	VisualB_SPL_1_R	0.134577	0.132178	0.160204	0.008991
393	VisualB_Striate_1_R	0.068857	0.137145	0.16072	0.002601
394	VisualB_Striate_2_R	0.032818	0.140316	0.160897	0.000403
395	VisualB_Striate_3_R	0.039452	0.138235	0.160808	0.001511
396	VisualC_ExStr_1_R	0.068402	0.13817	0.16078	0.001859
397	VisualC_ExStr_2_R	0.119004	0.135539	0.160509	0.005222
398	VisualC_ExStr_3_R	0.178061	0.132369	0.160043	0.01099
399	VisualC_ExStr_4_R	0.141344	0.137442	0.160636	0.00364
