roi_name	lesion_only_score	multilayer_behaviour_score	predicted	residual	residual_z
DefaultA_FPole_1_L	2123.997392	32394.781919	269014.501589	-236619.71967	-2.676835
DefaultA_IPL_1_L	507.847444	0.0	60883.69989	-60883.69989	-0.688766
DefaultA_IPL_2_L	507.847444	0.0	60883.69989	-60883.69989	-0.688766
DefaultA_PCC_1_L	641.873847	32394.781919	78143.869801	-45749.087882	-0.517551
DefaultA_PFCd_1_L	2123.997392	196297.699455	269014.501589	-72716.802134	-0.822632
DefaultA_PFCm_1_L	641.873847	32394.781919	78143.869801	-45749.087882	-0.517551
DefaultA_PFCm_2_L	641.873847	32394.781919	78143.869801	-45749.087882	-0.517551
DefaultA_PFCm_3_L	641.873847	32394.781919	78143.869801	-45749.087882	-0.517551
DefaultA_PFCm_4_L	305.978228	0.0	34886.606107	-34886.606107	-0.394666
DefaultA_PHC_1_L	667.434661	77850.945006	81435.639056	-3584.69405	-0.040553
DefaultA_Temp_1_L	507.847444	0.0	60883.69989	-60883.69989	-0.688766
DefaultA_Temp_2_L	507.847444	0.0	60883.69989	-60883.69989	-0.688766
DefaultA_TempPole_1_L	305.978228	77850.945006	34886.606107	42964.338899	0.486048
DefaultA_pCun_1_L	641.873847	32394.781919	78143.869801	-45749.087882	-0.517551
DefaultB_FPole_1_L	641.873847	32394.781919	78143.869801	-45749.087882	-0.517551
DefaultB_IPL_1_L	507.847444	0.0	60883.69989	-60883.69989	-0.688766
DefaultB_IPL_2_L	507.847444	0.0	60883.69989	-60883.69989	-0.688766
DefaultB_PCC_1_L	641.873847	38030.990319	78143.869801	-40112.879482	-0.45379
DefaultB_PCC_2_L	641.873847	32394.781919	78143.869801	-45749.087882	-0.517551
DefaultB_PFCd_1_L	2123.997392	196297.699455	269014.501589	-72716.802134	-0.822632
DefaultB_PFCd_2_L	2123.997392	196297.699455	269014.501589	-72716.802134	-0.822632
DefaultB_PFCd_3_L	2123.997392	196297.699455	269014.501589	-72716.802134	-0.822632
DefaultB_PFCd_4_L	2123.997392	32394.781919	269014.501589	-236619.71967	-2.676835
DefaultB_PFCl_1_L	1681.5	54247.411	212028.862936	-157781.451936	-1.784953
DefaultB_PFCv_1_L	305.978228	54247.411	34886.606107	19360.804893	0.219025
DefaultB_PFCv_2_L	305.978228	77850.945006	34886.606107	42964.338899	0.486048
DefaultB_Temp_1_L	507.847444	0.0	60883.69989	-60883.69989	-0.688766
DefaultB_Temp_2_L	507.847444	0.0	60883.69989	-60883.69989	-0.688766
DefaultB_TempPole_1_L	507.847444	0.0	60883.69989	-60883.69989	-0.688766
DefaultB_TempPole_2_L	507.847444	0.0	60883.69989	-60883.69989	-0.688766
DefaultC_IPL_1_L	507.847444	0.0	60883.69989	-60883.69989	-0.688766
DefaultC_PFCd_1_L	1130.581804	196297.699455	141080.591121	55217.108334	0.624661
DefaultC_PFCd_2_L	2123.997392	196297.699455	269014.501589	-72716.802134	-0.822632
DefaultC_PHC_1_L	667.434661	77850.945006	81435.639056	-3584.69405	-0.040553
DefaultC_PHC_2_L	305.978228	66878.704307	34886.606107	31992.0982	0.361921
DefaultC_RSC_1_L	641.873847	32394.781919	78143.869801	-45749.087882	-0.517551
DefaultC_RSC_2_L	641.873847	32394.781919	78143.869801	-45749.087882	-0.517551
DefaultC_RSC_3_L	641.873847	32394.781919	78143.869801	-45749.087882	-0.517551
DefaultC_pCun_1_L	667.434661	77850.945006	81435.639056	-3584.69405	-0.040553
DefaultC_pCun_2_L	641.873847	32394.781919	78143.869801	-45749.087882	-0.517551
DefaultC_pCun_3_L	641.873847	32394.781919	78143.869801	-45749.087882	-0.517551
Language_IFG_1_L	1681.5	54247.411	212028.862936	-157781.451936	-1.784953
Language_IFG_2_L	1681.5	54247.411	212028.862936	-157781.451936	-1.784953
Language_IPL_1_L	507.847444	0.0	60883.69989	-60883.69989	-0.688766
Language_PFCd_1_L	1130.581804	196297.699455	141080.591121	55217.108334	0.624661
Language_PFCd_2_L	2123.997392	196297.699455	269014.501589	-72716.802134	-0.822632
Language_PFCl_1_L	1681.5	54247.411	212028.862936	-157781.451936	-1.784953
Language_Temp_1_L	507.847444	0.0	60883.69989	-60883.69989	-0.688766
Language_Temp_2_L	507.847444	0.0	60883.69989	-60883.69989	-0.688766
Language_Temp_3_L	507.847444	0.0	60883.69989	-60883.69989	-0.688766
Language_TempPole_1_L	507.847444	0.0	60883.69989	-60883.69989	-0.688766
ContA_Cingm_1_L	2123.997392	77850.945006	269014.501589	-191163.556583	-2.162598
ContA_IPS_1_L	507.847444	0.0	60883.69989	-60883.69989	-0.688766
ContA_IPS_2_L	507.847444	0.0	60883.69989	-60883.69989	-0.688766
ContA_IPS_3_L	507.847444	0.0	60883.69989	-60883.69989	-0.688766
ContA_Ins_1_L	667.434661	32394.781919	81435.639056	-49040.857137	-0.55479
ContA_OFC_1_L	507.847444	66878.704307	60883.69989	5995.004417	0.06782
ContA_PFCd_1_L	1130.581804	54247.411	141080.591121	-86833.180121	-0.982328
ContA_PFCl_1_L	1681.5	54247.411	212028.862936	-157781.451936	-1.784953
ContA_PFCl_2_L	1681.5	54247.411	212028.862936	-157781.451936	-1.784953
ContA_PFCl_3_L	1681.5	54247.411	212028.862936	-157781.451936	-1.784953
ContA_PFCl_4_L	1681.5	54247.411	212028.862936	-157781.451936	-1.784953
ContA_Temp_1_L	507.847444	0.0	60883.69989	-60883.69989	-0.688766
ContB_FPole_1_L	641.873847	32394.781919	78143.869801	-45749.087882	-0.517551
ContB_IPL_1_L	507.847444	0.0	60883.69989	-60883.69989	-0.688766
ContB_IPL_2_L	507.847444	0.0	60883.69989	-60883.69989	-0.688766
ContB_IPS_1_L	507.847444	0.0	60883.69989	-60883.69989	-0.688766
ContB_OFC_1_L	1681.5	54247.411	212028.862936	-157781.451936	-1.784953
ContB_OFC_2_L	641.873847	32394.781919	78143.869801	-45749.087882	-0.517551
ContB_OFC_3_L	641.873847	32394.781919	78143.869801	-45749.087882	-0.517551
ContB_PCC_1_L	641.873847	32394.781919	78143.869801	-45749.087882	-0.517551
ContB_PFCd_1_L	1130.581804	54247.411	141080.591121	-86833.180121	-0.982328
ContB_PFCmp_1_L	2123.997392	196297.699455	269014.501589	-72716.802134	-0.822632
ContB_Temp_1_L	507.847444	0.0	60883.69989	-60883.69989	-0.688766
ContB_Temp_2_L	507.847444	0.0	60883.69989	-60883.69989	-0.688766
ContC_Cingp_1_L	641.873847	32394.781919	78143.869801	-45749.087882	-0.517551
ContC_Cingp_2_L	667.434661	77850.945006	81435.639056	-3584.69405	-0.040553
ContC_FPole_1_L	641.873847	32394.781919	78143.869801	-45749.087882	-0.517551
ContC_Ins_1_L	641.873847	38030.990319	78143.869801	-40112.879482	-0.45379
ContC_PFCm_1_L	641.873847	32394.781919	78143.869801	-45749.087882	-0.517551
ContC_PFCm_2_L	641.873847	32394.781919	78143.869801	-45749.087882	-0.517551
ContC_PHC_1_L	641.873847	32394.781919	78143.869801	-45749.087882	-0.517551
ContC_pCun_1_L	667.434661	77850.945006	81435.639056	-3584.69405	-0.040553
ContC_pCun_2_L	641.873847	77850.945006	78143.869801	-292.924795	-0.003314
SalVenAttnA_FrMed_1_L	2123.997392	196297.699455	269014.501589	-72716.802134	-0.822632
SalVenAttnA_FrMed_2_L	1130.581804	54247.411	141080.591121	-86833.180121	-0.982328
SalVenAttnA_FrOper_1_L	1681.5	54247.411	212028.862936	-157781.451936	-1.784953
SalVenAttnA_IPL_1_L	507.847444	0.0	60883.69989	-60883.69989	-0.688766
SalVenAttnA_Ins_1_L	1681.5	54247.411	212028.862936	-157781.451936	-1.784953
SalVenAttnA_Ins_2_L	667.434661	77850.945006	81435.639056	-3584.69405	-0.040553
SalVenAttnA_Ins_3_L	667.434661	77850.945006	81435.639056	-3584.69405	-0.040553
SalVenAttnA_PFCd_1_L	1130.581804	54247.411	141080.591121	-86833.180121	-0.982328
SalVenAttnA_SPL_1_L	667.434661	77850.945006	81435.639056	-3584.69405	-0.040553
SalVenAttnA_SPL_2_L	667.434661	77850.945006	81435.639056	-3584.69405	-0.040553
SalVenAttnA_SPL_3_L	667.434661	77850.945006	81435.639056	-3584.69405	-0.040553
SalVenAttnB_IFG_1_L	1681.5	54247.411	212028.862936	-157781.451936	-1.784953
SalVenAttnB_IPL_1_L	1130.581804	77850.945006	141080.591121	-63229.646115	-0.715305
SalVenAttnB_IPL_2_L	507.847444	0.0	60883.69989	-60883.69989	-0.688766
SalVenAttnB_Ins_1_L	1681.5	54247.411	212028.862936	-157781.451936	-1.784953
SalVenAttnB_Ins_2_L	1681.5	54247.411	212028.862936	-157781.451936	-1.784953
SalVenAttnB_OFC_1_L	641.873847	38030.990319	78143.869801	-40112.879482	-0.45379
SalVenAttnB_OFC_2_L	507.847444	66878.704307	60883.69989	5995.004417	0.06782
SalVenAttnB_PFCl_1_L	1681.5	54247.411	212028.862936	-157781.451936	-1.784953
SalVenAttnB_PFCl_2_L	2123.997392	196297.699455	269014.501589	-72716.802134	-0.822632
SalVenAttnB_PFCl_3_L	1681.5	54247.411	212028.862936	-157781.451936	-1.784953
SalVenAttnB_PFCmp_1_L	2123.997392	32394.781919	269014.501589	-236619.71967	-2.676835
SalVenAttnB_SPL_1_L	667.434661	77850.945006	81435.639056	-3584.69405	-0.040553
SalVenAttnB_Temp_1_L	507.847444	0.0	60883.69989	-60883.69989	-0.688766
DorsAttnA_IPL_1_L	507.847444	0.0	60883.69989	-60883.69989	-0.688766
DorsAttnA_IPL_2_L	305.978228	0.0	34886.606107	-34886.606107	-0.394666
DorsAttnA_IPS_1_L	667.434661	77850.945006	81435.639056	-3584.69405	-0.040553
DorsAttnA_IPS_2_L	667.434661	66878.704307	81435.639056	-14556.934749	-0.16468
DorsAttnA_IPS_3_L	955.973837	66878.704307	118594.251781	-51715.547474	-0.585048
DorsAttnA_IPS_4_L	305.978228	0.0	34886.606107	-34886.606107	-0.394666
DorsAttnA_PFCd_1_L	1130.581804	54247.411	141080.591121	-86833.180121	-0.982328
DorsAttnA_PrCd_1_L	1130.581804	54247.411	141080.591121	-86833.180121	-0.982328
DorsAttnA_PrCv_1_L	1681.5	54247.411	212028.862936	-157781.451936	-1.784953
DorsAttnA_SPL_1_L	667.434661	77850.945006	81435.639056	-3584.69405	-0.040553
DorsAttnA_SPL_2_L	667.434661	77850.945006	81435.639056	-3584.69405	-0.040553
DorsAttnA_TempOcc_1_L	507.847444	0.0	60883.69989	-60883.69989	-0.688766
DorsAttnA_TempOcc_2_L	507.847444	0.0	60883.69989	-60883.69989	-0.688766
DorsAttnA_TempOcc_3_L	507.847444	0.0	60883.69989	-60883.69989	-0.688766
DorsAttnA_TempPole_1_L	305.978228	77850.945006	34886.606107	42964.338899	0.486048
DorsAttnA_TempPole_2_L	507.847444	66878.704307	60883.69989	5995.004417	0.06782
DorsAttnB_FrMed_1_L	1130.581804	54247.411	141080.591121	-86833.180121	-0.982328
DorsAttnB_ParOper_1_L	667.434661	0.0	81435.639056	-81435.639056	-0.921266
DorsAttnB_PostC_1_L	507.847444	66878.704307	60883.69989	5995.004417	0.06782
DorsAttnB_PostC_2_L	667.434661	54247.411	81435.639056	-27188.228056	-0.307575
DorsAttnB_PostC_3_L	507.847444	0.0	60883.69989	-60883.69989	-0.688766
DorsAttnB_PrCd_1_L	1130.581804	54247.411	141080.591121	-86833.180121	-0.982328
DorsAttnB_PrCd_2_L	1130.581804	54247.411	141080.591121	-86833.180121	-0.982328
DorsAttnB_PrCv_1_L	1130.581804	54247.411	141080.591121	-86833.180121	-0.982328
DorsAttnB_SPL_1_L	305.978228	54247.411	34886.606107	19360.804893	0.219025
DorsAttnB_SPL_2_L	667.434661	77850.945006	81435.639056	-3584.69405	-0.040553
DorsAttnB_SPL_3_L	667.434661	77850.945006	81435.639056	-3584.69405	-0.040553
DorsAttnB_SPL_4_L	667.434661	77850.945006	81435.639056	-3584.69405	-0.040553
Aud_Ins_1_L	667.434661	77850.945006	81435.639056	-3584.69405	-0.040553
Aud_ParOcc_1_L	507.847444	0.0	60883.69989	-60883.69989	-0.688766
Aud_ST_1_L	667.434661	77850.945006	81435.639056	-3584.69405	-0.040553
Aud_ST_2_L	507.847444	0.0	60883.69989	-60883.69989	-0.688766
Aud_ST_3_L	507.847444	0.0	60883.69989	-60883.69989	-0.688766
Aud_ST_4_L	507.847444	0.0	60883.69989	-60883.69989	-0.688766
Aud_ST_5_L	507.847444	0.0	60883.69989	-60883.69989	-0.688766
Aud_ST_6_L	507.847444	0.0	60883.69989	-60883.69989	-0.688766
Aud_ST_7_L	507.847444	0.0	60883.69989	-60883.69989	-0.688766
Aud_TempPole_1_L	305.978228	54247.411	34886.606107	19360.804893	0.219025
SomMotA_ParOper_1_L	305.978228	0.0	34886.606107	-34886.606107	-0.394666
SomMotA_1_L	1130.581804	77850.945006	141080.591121	-63229.646115	-0.715305
SomMotA_2_L	1130.581804	54247.411	141080.591121	-86833.180121	-0.982328
SomMotA_3_L	667.434661	77850.945006	81435.639056	-3584.69405	-0.040553
SomMotA_4_L	507.847444	0.0	60883.69989	-60883.69989	-0.688766
SomMotA_5_L	507.847444	0.0	60883.69989	-60883.69989	-0.688766
SomMotA_6_L	667.434661	77850.945006	81435.639056	-3584.69405	-0.040553
SomMotA_7_L	667.434661	77850.945006	81435.639056	-3584.69405	-0.040553
SomMotA_8_L	1130.581804	0.0	141080.591121	-141080.591121	-1.596019
SomMotA_9_L	667.434661	77850.945006	81435.639056	-3584.69405	-0.040553
SomMotA_10_L	1130.581804	77850.945006	141080.591121	-63229.646115	-0.715305
SomMotA_11_L	1130.581804	77850.945006	141080.591121	-63229.646115	-0.715305
SomMotA_12_L	1130.581804	54247.411	141080.591121	-86833.180121	-0.982328
SomMotB_Ins_1_L	1681.5	54247.411	212028.862936	-157781.451936	-1.784953
SomMotB_ParOper_1_L	667.434661	77850.945006	81435.639056	-3584.69405	-0.040553
SomMotB_ParOper_2_L	305.978228	66878.704307	34886.606107	31992.0982	0.361921
SomMotB_1_L	1130.581804	77850.945006	141080.591121	-63229.646115	-0.715305
SomMotB_2_L	667.434661	77850.945006	81435.639056	-3584.69405	-0.040553
SomMotB_3_L	1130.581804	54247.411	141080.591121	-86833.180121	-0.982328
SomMotB_4_L	1130.581804	54247.411	141080.591121	-86833.180121	-0.982328
SomMotB_5_L	667.434661	54247.411	81435.639056	-27188.228056	-0.307575
SomMotB_6_L	1130.581804	54247.411	141080.591121	-86833.180121	-0.982328
SomMotB_7_L	1681.5	54247.411	212028.862936	-157781.451936	-1.784953
SomMotB_8_L	507.847444	66878.704307	60883.69989	5995.004417	0.06782
SomMotB_9_L	1681.5	54247.411	212028.862936	-157781.451936	-1.784953
VisualA_ExStr_1_L	667.434661	66878.704307	81435.639056	-14556.934749	-0.16468
VisualA_ExStr_2_L	305.978228	66878.704307	34886.606107	31992.0982	0.361921
VisualA_ExStr_3_L	305.978228	66878.704307	34886.606107	31992.0982	0.361921
VisualA_ExStr_4_L	305.978228	185065.399941	34886.606107	150178.793834	1.698945
VisualA_ExStr_5_L	507.847444	0.0	60883.69989	-60883.69989	-0.688766
VisualA_ExStr_6_L	305.978228	66878.704307	34886.606107	31992.0982	0.361921
VisualA_ExStr_7_L	507.847444	0.0	60883.69989	-60883.69989	-0.688766
VisualA_ExStr_8_L	507.847444	66878.704307	60883.69989	5995.004417	0.06782
VisualA_ExStr_9_L	305.978228	54247.411	34886.606107	19360.804893	0.219025
VisualA_ExStr_10_L	305.978228	66878.704307	34886.606107	31992.0982	0.361921
VisualA_ExStr_11_L	507.847444	0.0	60883.69989	-60883.69989	-0.688766
VisualA_PrC_1_L	1130.581804	54247.411	141080.591121	-86833.180121	-0.982328
VisualA_SPL_1_L	686.117351	66878.704307	83841.630686	-16962.926379	-0.191898
VisualB_ExStrInf_1_L	507.847444	0.0	60883.69989	-60883.69989	-0.688766
VisualB_ExStrInf_2_L	305.978228	0.0	34886.606107	-34886.606107	-0.394666
VisualB_ExStrInf_3_L	507.847444	54247.411	60883.69989	-6636.28889	-0.075075
VisualB_ExStrInf_4_L	305.978228	0.0	34886.606107	-34886.606107	-0.394666
VisualB_ExStrSup_1_L	305.978228	66878.704307	34886.606107	31992.0982	0.361921
VisualB_ExStrSup_2_L	305.978228	66878.704307	34886.606107	31992.0982	0.361921
VisualB_ExStrSup_3_L	305.978228	66878.704307	34886.606107	31992.0982	0.361921
VisualB_ExStrSup_4_L	686.117351	111398.875327	83841.630686	27557.244641	0.31175
VisualB_ExStrSup_5_L	305.978228	77850.945006	34886.606107	42964.338899	0.486048
VisualB_Striate_1_L	305.978228	66878.704307	34886.606107	31992.0982	0.361921
VisualB_Striate_2_L	305.978228	0.0	34886.606107	-34886.606107	-0.394666
VisualB_Striate_3_L	305.978228	66878.704307	34886.606107	31992.0982	0.361921
VisualC_ExStr_1_L	305.978228	66878.704307	34886.606107	31992.0982	0.361921
VisualC_ExStr_2_L	507.847444	66878.704307	60883.69989	5995.004417	0.06782
VisualC_ExStr_3_L	507.847444	0.0	60883.69989	-60883.69989	-0.688766
VisualC_Striate_1_L	305.978228	66878.704307	34886.606107	31992.0982	0.361921
DefaultA_IPL_1_R	686.117351	187210.944624	83841.630686	103369.313938	1.169398
DefaultA_PCC_1_R	641.873847	32394.781919	78143.869801	-45749.087882	-0.517551
DefaultA_PFCd_1_R	2369.333333	396609.29565	300609.321209	95999.974441	1.08603
DefaultA_PFCm_1_R	2123.997392	205591.144471	269014.501589	-63423.357118	-0.717497
DefaultA_PFCm_2_R	2123.997392	205591.144471	269014.501589	-63423.357118	-0.717497
DefaultA_PFCm_3_R	641.873847	205591.144471	78143.869801	127447.27467	1.441788
DefaultA_PFCm_4_R	305.978228	54247.411	34886.606107	19360.804893	0.219025
DefaultA_PHC_1_R	305.978228	66878.704307	34886.606107	31992.0982	0.361921
DefaultA_Temp_1_R	955.973837	66878.704307	118594.251781	-51715.547474	-0.585048
DefaultA_Temp_2_R	305.978228	66878.704307	34886.606107	31992.0982	0.361921
DefaultA_Temp_3_R	955.973837	187210.944624	118594.251781	68616.692843	0.776248
DefaultA_TempPole_1_R	305.978228	66878.704307	34886.606107	31992.0982	0.361921
DefaultA_TempPole_2_R	305.978228	0.0	34886.606107	-34886.606107	-0.394666
DefaultA_pCun_1_R	641.873847	38030.990319	78143.869801	-40112.879482	-0.45379
DefaultB_FPole_1_R	641.873847	205591.144471	78143.869801	127447.27467	1.441788
DefaultB_IPL_1_R	686.117351	185065.399941	83841.630686	101223.769255	1.145126
DefaultB_PFCd_1_R	2369.333333	396609.29565	300609.321209	95999.974441	1.08603
DefaultB_PFCd_2_R	2123.997392	205591.144471	269014.501589	-63423.357118	-0.717497
DefaultB_PFCd_3_R	2123.997392	205591.144471	269014.501589	-63423.357118	-0.717497
DefaultB_PFCd_4_R	2123.997392	205591.144471	269014.501589	-63423.357118	-0.717497
DefaultB_PFCv_1_R	305.978228	66878.704307	34886.606107	31992.0982	0.361921
DefaultB_Temp_1_R	955.973837	187210.944624	118594.251781	68616.692843	0.776248
DefaultB_Temp_2_R	955.973837	187210.944624	118594.251781	68616.692843	0.776248
DefaultB_TempPole_1_R	305.978228	66878.704307	34886.606107	31992.0982	0.361921
DefaultB_pCun_1_R	641.873847	38030.990319	78143.869801	-40112.879482	-0.45379
DefaultC_IPL_1_R	686.117351	66878.704307	83841.630686	-16962.926379	-0.191898
DefaultC_IPL_2_R	955.973837	187210.944624	118594.251781	68616.692843	0.776248
DefaultC_IPL_3_R	686.117351	187210.944624	83841.630686	103369.313938	1.169398
DefaultC_PFCd_1_R	2369.333333	396609.29565	300609.321209	95999.974441	1.08603
DefaultC_PHC_1_R	629.071671	38030.990319	76495.181722	-38464.191403	-0.435138
DefaultC_PHC_2_R	955.973837	66878.704307	118594.251781	-51715.547474	-0.585048
DefaultC_RSC_1_R	667.434661	38030.990319	81435.639056	-43404.648737	-0.491029
DefaultC_RSC_2_R	641.873847	38030.990319	78143.869801	-40112.879482	-0.45379
DefaultC_RSC_3_R	641.873847	38030.990319	78143.869801	-40112.879482	-0.45379
DefaultC_pCun_1_R	667.434661	38030.990319	81435.639056	-43404.648737	-0.491029
DefaultC_pCun_2_R	629.071671	38030.990319	76495.181722	-38464.191403	-0.435138
Language_IFG_1_R	2369.333333	396609.29565	300609.321209	95999.974441	1.08603
Language_PFCd_1_R	2369.333333	396609.29565	300609.321209	95999.974441	1.08603
Language_PFCl_1_R	2369.333333	475951.214944	300609.321209	175341.893735	1.983611
Language_PFCl_2_R	2369.333333	396609.29565	300609.321209	95999.974441	1.08603
Language_Temp_1_R	955.973837	187210.944624	118594.251781	68616.692843	0.776248
Language_Temp_2_R	955.973837	66878.704307	118594.251781	-51715.547474	-0.585048
Language_TempPole_1_R	955.973837	187210.944624	118594.251781	68616.692843	0.776248
Language_TempPole_2_R	305.978228	66878.704307	34886.606107	31992.0982	0.361921
ContA_Cingm_1_R	2369.333333	396609.29565	300609.321209	95999.974441	1.08603
ContA_IPS_1_R	686.117351	185065.399941	83841.630686	101223.769255	1.145126
ContA_IPS_2_R	686.117351	185065.399941	83841.630686	101223.769255	1.145126
ContA_IPS_3_R	686.117351	187210.944624	83841.630686	103369.313938	1.169398
ContA_IPS_4_R	686.117351	111398.875327	83841.630686	27557.244641	0.31175
ContA_OFC_1_R	305.978228	66878.704307	34886.606107	31992.0982	0.361921
ContA_PFCd_1_R	2369.333333	475951.214944	300609.321209	175341.893735	1.983611
ContA_PFCl_1_R	2369.333333	475951.214944	300609.321209	175341.893735	1.983611
ContA_PFCl_2_R	2369.333333	396609.29565	300609.321209	95999.974441	1.08603
ContA_PFCl_3_R	2369.333333	396609.29565	300609.321209	95999.974441	1.08603
ContA_PFCmp_1_R	2123.997392	205591.144471	269014.501589	-63423.357118	-0.717497
ContA_SPL_1_R	629.071671	66878.704307	76495.181722	-9616.477415	-0.108789
ContA_Temp_1_R	955.973837	187210.944624	118594.251781	68616.692843	0.776248
ContB_FPole_1_R	2369.333333	396609.29565	300609.321209	95999.974441	1.08603
ContB_IFG_1_R	2369.333333	396609.29565	300609.321209	95999.974441	1.08603
ContB_IPL_1_R	686.117351	185065.399941	83841.630686	101223.769255	1.145126
ContB_IPL_2_R	955.973837	187210.944624	118594.251781	68616.692843	0.776248
ContB_IPS_1_R	686.117351	187210.944624	83841.630686	103369.313938	1.169398
ContB_OFC_1_R	2369.333333	396609.29565	300609.321209	95999.974441	1.08603
ContB_OFC_2_R	667.434661	77850.945006	81435.639056	-3584.69405	-0.040553
ContB_OFC_3_R	641.873847	32394.781919	78143.869801	-45749.087882	-0.517551
ContB_PCC_1_R	641.873847	38030.990319	78143.869801	-40112.879482	-0.45379
ContB_PFCd_1_R	2369.333333	475951.214944	300609.321209	175341.893735	1.983611
ContB_PFCl_2_R	2369.333333	475951.214944	300609.321209	175341.893735	1.983611
ContB_PFCmp_1_R	2123.997392	205591.144471	269014.501589	-63423.357118	-0.717497
ContB_Temp_1_R	955.973837	187210.944624	118594.251781	68616.692843	0.776248
ContC_Cingp_1_R	667.434661	77850.945006	81435.639056	-3584.69405	-0.040553
ContC_Cingp_2_R	641.873847	77850.945006	78143.869801	-292.924795	-0.003314
ContC_IPL_1_R	686.117351	185065.399941	83841.630686	101223.769255	1.145126
ContC_Ins_1_R	2369.333333	396609.29565	300609.321209	95999.974441	1.08603
ContC_OFC_1_R	667.434661	77850.945006	81435.639056	-3584.69405	-0.040553
ContC_OFC_2_R	305.978228	77850.945006	34886.606107	42964.338899	0.486048
ContC_PCC_1_R	305.978228	66878.704307	34886.606107	31992.0982	0.361921
ContC_PFCl_1_R	2369.333333	396609.29565	300609.321209	95999.974441	1.08603
ContC_PFCl_2_R	2369.333333	396609.29565	300609.321209	95999.974441	1.08603
ContC_PFCl_3_R	2123.997392	205591.144471	269014.501589	-63423.357118	-0.717497
ContC_PFCm_1_R	2123.997392	205591.144471	269014.501589	-63423.357118	-0.717497
ContC_PFCm_2_R	641.873847	205591.144471	78143.869801	127447.27467	1.441788
ContC_PFCm_3_R	2123.997392	205591.144471	269014.501589	-63423.357118	-0.717497
ContC_pCun_1_R	305.978228	111398.875327	34886.606107	76512.26922	0.865569
SalVenAttnA_FrMed_1_R	1618.432847	185065.399941	203906.957458	-18841.557517	-0.213151
SalVenAttnA_FrMed_2_R	2369.333333	205591.144471	300609.321209	-95018.176738	-1.074923
SalVenAttnA_FrMed_3_R	1817.31412	205591.144471	229519.258374	-23928.113903	-0.270694
SalVenAttnA_FrOper_1_R	1817.31412	475951.214944	229519.258374	246431.95657	2.78784
SalVenAttnA_FrOper_2_R	1817.31412	475951.214944	229519.258374	246431.95657	2.78784
SalVenAttnA_IPL_1_R	955.973837	185065.399941	118594.251781	66471.14816	0.751976
SalVenAttnA_IPL_2_R	686.117351	185065.399941	83841.630686	101223.769255	1.145126
SalVenAttnA_Ins_1_R	1817.31412	475951.214944	229519.258374	246431.95657	2.78784
SalVenAttnA_Ins_2_R	1817.31412	475951.214944	229519.258374	246431.95657	2.78784
SalVenAttnA_Ins_3_R	305.978228	66878.704307	34886.606107	31992.0982	0.361921
SalVenAttnA_PFCmp_1_R	2123.997392	205591.144471	269014.501589	-63423.357118	-0.717497
SalVenAttnA_SPL_1_R	629.071671	205591.144471	76495.181722	129095.962749	1.460439
SalVenAttnA_SPL_2_R	629.071671	111398.875327	76495.181722	34903.693605	0.394859
SalVenAttnB_IFG_1_R	1817.31412	396609.29565	229519.258374	167090.037276	1.890259
SalVenAttnB_IPL_1_R	686.117351	185065.399941	83841.630686	101223.769255	1.145126
SalVenAttnB_IPL_2_R	686.117351	185065.399941	83841.630686	101223.769255	1.145126
SalVenAttnB_IPL_3_R	686.117351	187210.944624	83841.630686	103369.313938	1.169398
SalVenAttnB_Ins_1_R	2369.333333	396609.29565	300609.321209	95999.974441	1.08603
SalVenAttnB_Ins_2_R	1817.31412	396609.29565	229519.258374	167090.037276	1.890259
SalVenAttnB_Ins_3_R	305.978228	66878.704307	34886.606107	31992.0982	0.361921
SalVenAttnB_OFC_1_R	305.978228	66878.704307	34886.606107	31992.0982	0.361921
SalVenAttnB_PFCd_1_R	1618.432847	185065.399941	203906.957458	-18841.557517	-0.213151
SalVenAttnB_PFCl_1_R	1817.31412	475951.214944	229519.258374	246431.95657	2.78784
SalVenAttnB_PFCl_2_R	2369.333333	396609.29565	300609.321209	95999.974441	1.08603
SalVenAttnB_PFCl_3_R	2369.333333	396609.29565	300609.321209	95999.974441	1.08603
SalVenAttnB_SPL_1_R	629.071671	38030.990319	76495.181722	-38464.191403	-0.435138
SalVenAttnB_Temp_1_R	955.973837	187210.944624	118594.251781	68616.692843	0.776248
SalVenAttnB_Temp_2_R	955.973837	187210.944624	118594.251781	68616.692843	0.776248
DorsAttnA_IPS_1_R	686.117351	185065.399941	83841.630686	101223.769255	1.145126
DorsAttnA_IPS_2_R	686.117351	185065.399941	83841.630686	101223.769255	1.145126
DorsAttnA_PrCd_1_R	1817.31412	475951.214944	229519.258374	246431.95657	2.78784
DorsAttnA_PrCv_1_R	1817.31412	475951.214944	229519.258374	246431.95657	2.78784
DorsAttnA_SPL_1_R	629.071671	111398.875327	76495.181722	34903.693605	0.394859
DorsAttnA_SPL_2_R	629.071671	111398.875327	76495.181722	34903.693605	0.394859
DorsAttnA_SPL_3_R	629.071671	66878.704307	76495.181722	-9616.477415	-0.108789
DorsAttnA_SPL_4_R	305.978228	66878.704307	34886.606107	31992.0982	0.361921
DorsAttnA_TempOcc_1_R	955.973837	187210.944624	118594.251781	68616.692843	0.776248
DorsAttnA_TempOcc_2_R	955.973837	187210.944624	118594.251781	68616.692843	0.776248
DorsAttnA_TempPole_1_R	667.434661	0.0	81435.639056	-81435.639056	-0.921266
DorsAttnB_IPL_1_R	305.978228	185065.399941	34886.606107	150178.793834	1.698945
DorsAttnB_IPL_2_R	686.117351	111398.875327	83841.630686	27557.244641	0.31175
DorsAttnB_PostC_1_R	507.847444	111398.875327	60883.69989	50515.175437	0.571469
DorsAttnB_PostC_2_R	686.117351	185065.399941	83841.630686	101223.769255	1.145126
DorsAttnB_PostC_3_R	686.117351	111398.875327	83841.630686	27557.244641	0.31175
DorsAttnB_PrCd_1_R	1618.432847	185065.399941	203906.957458	-18841.557517	-0.213151
DorsAttnB_PrCd_2_R	1618.432847	185065.399941	203906.957458	-18841.557517	-0.213151
DorsAttnB_PrCd_3_R	1618.432847	185065.399941	203906.957458	-18841.557517	-0.213151
DorsAttnB_PrCv_1_R	1817.31412	475951.214944	229519.258374	246431.95657	2.78784
DorsAttnB_SPL_1_R	629.071671	111398.875327	76495.181722	34903.693605	0.394859
DorsAttnB_SPL_2_R	629.071671	111398.875327	76495.181722	34903.693605	0.394859
DorsAttnB_SPL_3_R	629.071671	111398.875327	76495.181722	34903.693605	0.394859
Aud_Ins_1_R	1817.31412	77850.945006	229519.258374	-151668.313368	-1.715796
Aud_ParOcc_1_R	955.973837	187210.944624	118594.251781	68616.692843	0.776248
Aud_ParOper_1_R	955.973837	187210.944624	118594.251781	68616.692843	0.776248
Aud_ST_1_R	955.973837	187210.944624	118594.251781	68616.692843	0.776248
Aud_ST_2_R	305.978228	66878.704307	34886.606107	31992.0982	0.361921
Aud_ST_3_R	305.978228	66878.704307	34886.606107	31992.0982	0.361921
Aud_ST_4_R	955.973837	187210.944624	118594.251781	68616.692843	0.776248
Aud_ST_5_R	305.978228	66878.704307	34886.606107	31992.0982	0.361921
Aud_Temp_1_R	955.973837	187210.944624	118594.251781	68616.692843	0.776248
SomMotA_ParOper_1_R	686.117351	185065.399941	83841.630686	101223.769255	1.145126
SomMotA_1_R	1618.432847	185065.399941	203906.957458	-18841.557517	-0.213151
SomMotA_2_R	1618.432847	185065.399941	203906.957458	-18841.557517	-0.213151
SomMotA_3_R	686.117351	111398.875327	83841.630686	27557.244641	0.31175
SomMotA_4_R	305.978228	111398.875327	34886.606107	76512.26922	0.865569
SomMotA_5_R	629.071671	111398.875327	76495.181722	34903.693605	0.394859
SomMotA_6_R	629.071671	111398.875327	76495.181722	34903.693605	0.394859
SomMotA_7_R	1618.432847	111398.875327	203906.957458	-92508.082131	-1.046527
SomMotA_8_R	667.434661	111398.875327	81435.639056	29963.236271	0.338969
SomMotA_9_R	629.071671	111398.875327	76495.181722	34903.693605	0.394859
SomMotA_10_R	1618.432847	185065.399941	203906.957458	-18841.557517	-0.213151
SomMotA_11_R	1618.432847	185065.399941	203906.957458	-18841.557517	-0.213151
SomMotA_12_R	1618.432847	185065.399941	203906.957458	-18841.557517	-0.213151
SomMotB_Ins_1_R	1817.31412	475951.214944	229519.258374	246431.95657	2.78784
SomMotB_Ins_2_R	629.071671	77850.945006	76495.181722	1355.763284	0.015338
SomMotB_ParOper_1_R	305.978228	111398.875327	34886.606107	76512.26922	0.865569
SomMotB_ParOper_2_R	686.117351	185065.399941	83841.630686	101223.769255	1.145126
SomMotB_1_R	1618.432847	185065.399941	203906.957458	-18841.557517	-0.213151
SomMotB_2_R	629.071671	111398.875327	76495.181722	34903.693605	0.394859
SomMotB_3_R	1817.31412	475951.214944	229519.258374	246431.95657	2.78784
SomMotB_4_R	305.978228	185065.399941	34886.606107	150178.793834	1.698945
SomMotB_5_R	1817.31412	475951.214944	229519.258374	246431.95657	2.78784
SomMotB_6_R	1817.31412	77850.945006	229519.258374	-151668.313368	-1.715796
SomMotB_7_R	629.071671	475951.214944	76495.181722	399456.033222	4.518973
VisualA_ExStr_1_R	305.978228	66878.704307	34886.606107	31992.0982	0.361921
VisualA_ExStr_2_R	955.973837	187210.944624	118594.251781	68616.692843	0.776248
VisualA_ExStr_3_R	305.978228	66878.704307	34886.606107	31992.0982	0.361921
VisualA_ExStr_4_R	305.978228	66878.704307	34886.606107	31992.0982	0.361921
VisualA_ExStr_5_R	305.978228	66878.704307	34886.606107	31992.0982	0.361921
VisualA_ExStr_6_R	305.978228	66878.704307	34886.606107	31992.0982	0.361921
VisualA_ExStr_7_R	955.973837	187210.944624	118594.251781	68616.692843	0.776248
VisualA_ExStr_8_R	955.973837	187210.944624	118594.251781	68616.692843	0.776248
VisualA_ExStr_9_R	305.978228	66878.704307	34886.606107	31992.0982	0.361921
VisualA_ExStr_10_R	305.978228	66878.704307	34886.606107	31992.0982	0.361921
VisualA_ExStr_11_R	955.973837	187210.944624	118594.251781	68616.692843	0.776248
VisualA_ExStr_12_R	955.973837	66878.704307	118594.251781	-51715.547474	-0.585048
VisualA_PrC_1_R	1817.31412	475951.214944	229519.258374	246431.95657	2.78784
VisualA_SPL_1_R	686.117351	111398.875327	83841.630686	27557.244641	0.31175
VisualA_SPL_2_R	1817.31412	111398.875327	229519.258374	-118120.383047	-1.336274
VisualB_ExStrInf_1_R	305.978228	66878.704307	34886.606107	31992.0982	0.361921
VisualB_ExStrInf_2_R	305.978228	66878.704307	34886.606107	31992.0982	0.361921
VisualB_ExStrInf_3_R	305.978228	66878.704307	34886.606107	31992.0982	0.361921
VisualB_ExStrInf_4_R	629.071671	38030.990319	76495.181722	-38464.191403	-0.435138
VisualB_ExStrSup_1_R	305.978228	66878.704307	34886.606107	31992.0982	0.361921
VisualB_ExStrSup_2_R	305.978228	66878.704307	34886.606107	31992.0982	0.361921
VisualB_ExStrSup_3_R	305.978228	38030.990319	34886.606107	3144.384212	0.035572
VisualB_ExStrSup_4_R	305.978228	66878.704307	34886.606107	31992.0982	0.361921
VisualB_ExStrSup_5_R	629.071671	66878.704307	76495.181722	-9616.477415	-0.108789
VisualB_SPL_1_R	629.071671	111398.875327	76495.181722	34903.693605	0.394859
VisualB_Striate_1_R	305.978228	66878.704307	34886.606107	31992.0982	0.361921
VisualB_Striate_2_R	305.978228	66878.704307	34886.606107	31992.0982	0.361921
VisualB_Striate_3_R	305.978228	66878.704307	34886.606107	31992.0982	0.361921
VisualC_ExStr_1_R	305.978228	66878.704307	34886.606107	31992.0982	0.361921
VisualC_ExStr_2_R	305.978228	66878.704307	34886.606107	31992.0982	0.361921
VisualC_ExStr_3_R	305.978228	111398.875327	34886.606107	76512.26922	0.865569
VisualC_ExStr_4_R	305.978228	66878.704307	34886.606107	31992.0982	0.361921
