roi_name	Foreperiod_Long_tau_p_raw	Foreperiod_Long_tau_p_fdr	GoNoGo_tau_p_raw	GoNoGo_tau_p_fdr	SATO_Accuracy_tau_p_raw	SATO_Accuracy_tau_p_fdr
Aud_Ins_1_L	0.722772	0.750932	0.722772	0.92766	0.861386	0.954918
Aud_Ins_1_R	0.792079	0.794064	0.633663	0.92766	0.138614	0.571604
Aud_ParOcc_1_L	0.445545	0.743336	0.712871	0.92766	0.50495	0.954918
Aud_ParOcc_1_R	0.405941	0.743336	0.168317	0.803157	0.029703	0.282885
Aud_ParOper_1_R	0.326733	0.743336	0.128713	0.803157	0.059406	0.308602
Aud_ST_1_L	0.673267	0.750159	0.306931	0.806747	0.762376	0.954918
Aud_ST_1_R	0.29703	0.743336	0.128713	0.803157	0.039604	0.282885
Aud_ST_2_L	0.435644	0.743336	0.663366	0.92766	0.663366	0.954918
Aud_ST_2_R	0.633663	0.748331	0.346535	0.824129	0.049505	0.291206
Aud_ST_3_L	0.435644	0.743336	0.653465	0.92766	0.673267	0.954918
Aud_ST_3_R	0.653465	0.749566	0.237624	0.803157	0.029703	0.282885
Aud_ST_4_L	0.60396	0.743336	0.693069	0.92766	0.623762	0.954918
Aud_ST_4_R	0.366337	0.743336	0.128713	0.803157	0.069307	0.334009
Aud_ST_5_L	0.415842	0.743336	0.643564	0.92766	0.643564	0.954918
Aud_ST_5_R	0.633663	0.748331	0.29703	0.806747	0.039604	0.282885
Aud_ST_6_L	0.415842	0.743336	0.673267	0.92766	0.673267	0.954918
Aud_ST_7_L	0.514851	0.743336	0.663366	0.92766	0.693069	0.954918
Aud_TempPole_1_L	0.168317	0.743336	0.435644	0.854203	0.732673	0.954918
Aud_Temp_1_R	0.336634	0.743336	0.049505	0.803157	0.039604	0.282885
ContA_Cingm_1_L	0.346535	0.743336	0.960396	0.99258	0.70297	0.954918
ContA_Cingm_1_R	0.465347	0.743336	0.267327	0.803157	0.336634	0.948264
ContA_IPS_1_L	0.475248	0.743336	0.653465	0.92766	0.079208	0.344382
ContA_IPS_1_R	0.287129	0.743336	0.069307	0.803157	0.019802	0.282885
ContA_IPS_2_L	0.524752	0.743336	0.653465	0.92766	0.742574	0.954918
ContA_IPS_2_R	0.306931	0.743336	0.029703	0.803157	0.009901	0.282885
ContA_IPS_3_L	0.50495	0.743336	0.643564	0.92766	0.643564	0.954918
ContA_IPS_3_R	0.39604	0.743336	0.09901	0.803157	0.039604	0.282885
ContA_IPS_4_R	0.29703	0.743336	0.257426	0.803157	0.019802	0.282885
ContA_Ins_1_L	0.663366	0.749566	0.49505	0.916758	0.712871	0.954918
ContA_OFC_1_L	0.49505	0.743336	0.277228	0.803157	0.316832	0.948264
ContA_OFC_1_R	0.60396	0.743336	0.306931	0.806747	0.712871	0.954918
ContA_PFCd_1_L	0.60396	0.743336	0.990099	0.99258	0.891089	0.954918
ContA_PFCd_1_R	0.148515	0.743336	0.09901	0.803157	0.39604	0.954312
ContA_PFCl_1_L	0.574257	0.743336	0.990099	0.99258	0.930693	0.954918
ContA_PFCl_1_R	0.168317	0.743336	0.089109	0.803157	0.415842	0.954918
ContA_PFCl_2_L	0.564356	0.743336	0.990099	0.99258	0.940594	0.954918
ContA_PFCl_2_R	0.108911	0.743336	0.277228	0.803157	0.39604	0.954312
ContA_PFCl_3_L	0.564356	0.743336	0.990099	0.99258	0.920792	0.954918
ContA_PFCl_3_R	0.118812	0.743336	0.277228	0.803157	0.376238	0.954312
ContA_PFCl_4_L	0.613861	0.746336	0.990099	0.99258	0.663366	0.954918
ContA_PFCmp_1_R	0.39604	0.743336	0.821782	0.952791	0.811881	0.954918
ContA_SPL_1_R	0.148515	0.743336	0.287129	0.803157	0.376238	0.954312
ContA_Temp_1_L	0.485149	0.743336	0.782178	0.931165	0.712871	0.954918
ContA_Temp_1_R	0.435644	0.743336	0.207921	0.803157	0.039604	0.282885
ContB_FPole_1_L	0.564356	0.743336	0.821782	0.952791	0.762376	0.954918
ContB_FPole_1_R	0.138614	0.743336	0.326733	0.806747	0.376238	0.954312
ContB_IFG_1_R	0.108911	0.743336	0.267327	0.803157	0.366337	0.954312
ContB_IPL_1_L	0.455446	0.743336	0.643564	0.92766	0.683168	0.954918
ContB_IPL_1_R	0.306931	0.743336	0.049505	0.803157	0.009901	0.282885
ContB_IPL_2_L	0.405941	0.743336	0.653465	0.92766	0.673267	0.954918
ContB_IPL_2_R	0.405941	0.743336	0.089109	0.803157	0.019802	0.282885
ContB_IPS_1_L	0.514851	0.743336	0.663366	0.92766	0.306931	0.948264
ContB_IPS_1_R	0.356436	0.743336	0.039604	0.803157	0.019802	0.282885
ContB_OFC_1_L	0.663366	0.749566	0.980198	0.99258	0.712871	0.954918
ContB_OFC_1_R	0.09901	0.743336	0.29703	0.806747	0.356436	0.954312
ContB_OFC_2_L	0.475248	0.743336	0.594059	0.92766	0.613861	0.954918
ContB_OFC_2_R	0.594059	0.743336	0.257426	0.803157	0.049505	0.291206
ContB_OFC_3_L	0.50495	0.743336	0.60396	0.92766	0.643564	0.954918
ContB_OFC_3_R	0.346535	0.743336	0.544554	0.92766	0.673267	0.954918
ContB_PCC_1_L	0.475248	0.743336	0.663366	0.92766	0.653465	0.954918
ContB_PCC_1_R	0.326733	0.743336	0.485149	0.90682	0.316832	0.948264
ContB_PFCd_1_L	0.594059	0.743336	0.990099	0.99258	0.940594	0.954918
ContB_PFCd_1_R	0.19802	0.743336	0.089109	0.803157	0.435644	0.954918
ContB_PFCl_2_R	0.19802	0.743336	0.089109	0.803157	0.435644	0.954918
ContB_PFCmp_1_L	0.39604	0.743336	0.861386	0.981637	0.871287	0.954918
ContB_PFCmp_1_R	0.376238	0.743336	0.752475	0.92766	0.732673	0.954918
ContB_Temp_1_L	0.465347	0.743336	0.762376	0.92766	0.70297	0.954918
ContB_Temp_1_R	0.376238	0.743336	0.207921	0.803157	0.039604	0.282885
ContB_Temp_2_L	0.455446	0.743336	0.782178	0.931165	0.732673	0.954918
ContC_Cingp_1_L	0.613861	0.746336	0.643564	0.92766	0.435644	0.954918
ContC_Cingp_1_R	0.792079	0.794064	0.584158	0.92766	0.851485	0.954918
ContC_Cingp_2_L	0.821782	0.821782	0.623762	0.92766	0.871287	0.954918
ContC_Cingp_2_R	0.138614	0.743336	0.277228	0.803157	0.346535	0.954312
ContC_FPole_1_L	0.207921	0.743336	0.881188	0.984568	0.792079	0.954918
ContC_IPL_1_R	0.326733	0.743336	0.039604	0.803157	0.009901	0.282885
ContC_Ins_1_L	0.455446	0.743336	0.693069	0.92766	0.643564	0.954918
ContC_Ins_1_R	0.069307	0.743336	0.19802	0.803157	0.980198	0.985124
ContC_OFC_1_R	0.712871	0.750932	0.415842	0.853008	0.722772	0.954918
ContC_OFC_2_R	0.544554	0.743336	0.306931	0.806747	0.60396	0.954918
ContC_PCC_1_R	0.564356	0.743336	0.405941	0.836991	0.782178	0.954918
ContC_PFCl_1_R	0.148515	0.743336	0.287129	0.803157	0.39604	0.954312
ContC_PFCl_2_R	0.118812	0.743336	0.287129	0.803157	0.415842	0.954918
ContC_PFCl_3_R	0.069307	0.743336	0.821782	0.952791	0.940594	0.954918
ContC_PFCm_1_L	0.594059	0.743336	0.821782	0.952791	0.782178	0.954918
ContC_PFCm_1_R	0.772277	0.780078	0.683168	0.92766	0.920792	0.954918
ContC_PFCm_2_L	0.475248	0.743336	0.613861	0.92766	0.633663	0.954918
ContC_PFCm_2_R	0.613861	0.746336	0.148515	0.803157	0.762376	0.954918
ContC_PFCm_3_R	0.306931	0.743336	0.574257	0.92766	0.851485	0.954918
ContC_PHC_1_L	0.39604	0.743336	0.623762	0.92766	0.366337	0.954312
ContC_pCun_1_L	0.564356	0.743336	0.435644	0.854203	0.891089	0.954918
ContC_pCun_1_R	0.49505	0.743336	0.118812	0.803157	0.346535	0.954312
ContC_pCun_2_L	0.574257	0.743336	0.524752	0.92766	0.722772	0.954918
DefaultA_FPole_1_L	0.19802	0.743336	0.881188	0.984568	0.772277	0.954918
DefaultA_IPL_1_L	0.435644	0.743336	0.683168	0.92766	0.683168	0.954918
DefaultA_IPL_1_R	0.326733	0.743336	0.049505	0.803157	0.019802	0.282885
DefaultA_IPL_2_L	0.425743	0.743336	0.653465	0.92766	0.673267	0.954918
DefaultA_PCC_1_L	0.50495	0.743336	0.851485	0.973126	0.792079	0.954918
DefaultA_PCC_1_R	0.415842	0.743336	0.564356	0.92766	0.257426	0.858086
DefaultA_PFCd_1_L	0.435644	0.743336	0.90099	0.99258	0.841584	0.954918
DefaultA_PFCd_1_R	0.148515	0.743336	0.287129	0.803157	0.435644	0.954918
DefaultA_PFCm_1_L	0.485149	0.743336	0.643564	0.92766	0.693069	0.954918
DefaultA_PFCm_1_R	0.594059	0.743336	0.50495	0.922284	0.792079	0.954918
DefaultA_PFCm_2_L	0.455446	0.743336	0.584158	0.92766	0.425743	0.954918
DefaultA_PFCm_2_R	0.673267	0.750159	0.574257	0.92766	0.821782	0.954918
DefaultA_PFCm_3_L	0.445545	0.743336	0.623762	0.92766	0.623762	0.954918
DefaultA_PFCm_3_R	0.554455	0.743336	0.069307	0.803157	0.762376	0.954918
DefaultA_PFCm_4_L	0.534653	0.743336	0.762376	0.92766	0.39604	0.954312
DefaultA_PFCm_4_R	0.623762	0.748331	0.514851	0.92766	0.772277	0.954918
DefaultA_PHC_1_L	0.782178	0.788089	0.564356	0.92766	0.851485	0.954918
DefaultA_PHC_1_R	0.663366	0.749566	0.425743	0.854203	0.069307	0.334009
DefaultA_TempPole_1_L	0.465347	0.743336	0.237624	0.803157	0.049505	0.291206
DefaultA_TempPole_1_R	0.584158	0.743336	0.277228	0.803157	0.059406	0.308602
DefaultA_TempPole_2_R	0.544554	0.743336	0.70297	0.92766	0.564356	0.954918
DefaultA_Temp_1_L	0.435644	0.743336	0.70297	0.92766	0.693069	0.954918
DefaultA_Temp_1_R	0.227723	0.743336	0.326733	0.806747	0.059406	0.308602
DefaultA_Temp_2_L	0.445545	0.743336	0.762376	0.92766	0.742574	0.954918
DefaultA_Temp_2_R	0.643564	0.748331	0.237624	0.803157	0.049505	0.291206
DefaultA_Temp_3_R	0.39604	0.743336	0.188119	0.803157	0.039604	0.282885
DefaultA_pCun_1_L	0.524752	0.743336	0.891089	0.990099	0.80198	0.954918
DefaultA_pCun_1_R	0.316832	0.743336	0.465347	0.878012	0.356436	0.954312
DefaultB_FPole_1_L	0.60396	0.743336	0.871287	0.984505	0.762376	0.954918
DefaultB_FPole_1_R	0.554455	0.743336	0.108911	0.803157	0.683168	0.954918
DefaultB_IPL_1_L	0.39604	0.743336	0.633663	0.92766	0.693069	0.954918
DefaultB_IPL_1_R	0.316832	0.743336	0.039604	0.803157	0.029703	0.282885
DefaultB_IPL_2_L	0.415842	0.743336	0.722772	0.92766	0.693069	0.954918
DefaultB_PCC_1_L	0.544554	0.743336	0.544554	0.92766	0.633663	0.954918
DefaultB_PCC_2_L	0.534653	0.743336	0.871287	0.984505	0.831683	0.954918
DefaultB_PFCd_1_L	0.752475	0.769796	0.871287	0.984505	0.841584	0.954918
DefaultB_PFCd_1_R	0.128713	0.743336	0.346535	0.824129	0.910891	0.954918
DefaultB_PFCd_2_L	0.445545	0.743336	0.90099	0.99258	0.871287	0.954918
DefaultB_PFCd_2_R	0.376238	0.743336	0.821782	0.952791	0.940594	0.954918
DefaultB_PFCd_3_L	0.386139	0.743336	0.881188	0.984568	0.80198	0.954918
DefaultB_PFCd_3_R	0.326733	0.743336	0.613861	0.92766	0.851485	0.954918
DefaultB_PFCd_4_L	0.287129	0.743336	0.891089	0.990099	0.851485	0.954918
DefaultB_PFCd_4_R	0.29703	0.743336	0.673267	0.92766	0.623762	0.954918
DefaultB_PFCl_1_L	0.60396	0.743336	0.990099	0.99258	0.920792	0.954918
DefaultB_PFCv_1_L	0.376238	0.743336	0.326733	0.806747	0.564356	0.954918
DefaultB_PFCv_1_R	0.623762	0.748331	0.267327	0.803157	0.039604	0.282885
DefaultB_PFCv_2_L	0.50495	0.743336	0.29703	0.806747	0.069307	0.334009
DefaultB_TempPole_1_L	0.465347	0.743336	0.772277	0.92766	0.752475	0.954918
DefaultB_TempPole_1_R	0.633663	0.748331	0.247525	0.803157	0.049505	0.291206
DefaultB_TempPole_2_L	0.445545	0.743336	0.70297	0.92766	0.693069	0.954918
DefaultB_Temp_1_L	0.445545	0.743336	0.742574	0.92766	0.673267	0.954918
DefaultB_Temp_1_R	0.415842	0.743336	0.188119	0.803157	0.029703	0.282885
DefaultB_Temp_2_L	0.475248	0.743336	0.772277	0.92766	0.693069	0.954918
DefaultB_Temp_2_R	0.366337	0.743336	0.158416	0.803157	0.049505	0.291206
DefaultB_pCun_1_R	0.326733	0.743336	0.455446	0.871666	0.336634	0.948264
DefaultC_IPL_1_L	0.445545	0.743336	0.722772	0.92766	0.693069	0.954918
DefaultC_IPL_1_R	0.336634	0.743336	0.633663	0.92766	0.059406	0.308602
DefaultC_IPL_2_R	0.376238	0.743336	0.118812	0.803157	0.029703	0.282885
DefaultC_IPL_3_R	0.336634	0.743336	0.039604	0.803157	0.029703	0.282885
DefaultC_PFCd_1_L	0.70297	0.750932	0.712871	0.92766	0.950495	0.960096
DefaultC_PFCd_1_R	0.128713	0.743336	0.326733	0.806747	0.425743	0.954918
DefaultC_PFCd_2_L	0.712871	0.750932	0.811881	0.952791	0.80198	0.954918
DefaultC_PHC_1_L	0.722772	0.750932	0.564356	0.92766	0.841584	0.954918
DefaultC_PHC_1_R	0.544554	0.743336	0.50495	0.922284	0.039604	0.282885
DefaultC_PHC_2_L	0.405941	0.743336	0.257426	0.803157	0.049505	0.291206
DefaultC_PHC_2_R	0.336634	0.743336	0.60396	0.92766	0.079208	0.344382
DefaultC_RSC_1_L	0.623762	0.748331	0.653465	0.92766	0.673267	0.954918
DefaultC_RSC_1_R	0.306931	0.743336	0.455446	0.871666	0.247525	0.839067
DefaultC_RSC_2_L	0.405941	0.743336	0.683168	0.92766	0.732673	0.954918
DefaultC_RSC_2_R	0.376238	0.743336	0.554455	0.92766	0.386139	0.954312
DefaultC_RSC_3_L	0.425743	0.743336	0.70297	0.92766	0.485149	0.954918
DefaultC_RSC_3_R	0.366337	0.743336	0.485149	0.90682	0.336634	0.948264
DefaultC_pCun_1_L	0.584158	0.743336	0.425743	0.854203	0.029703	0.282885
DefaultC_pCun_1_R	0.435644	0.743336	0.49505	0.916758	0.415842	0.954918
DefaultC_pCun_2_L	0.178218	0.743336	0.683168	0.92766	0.653465	0.954918
DefaultC_pCun_2_R	0.405941	0.743336	0.514851	0.92766	0.445545	0.954918
DefaultC_pCun_3_L	0.455446	0.743336	0.683168	0.92766	0.762376	0.954918
DorsAttnA_IPL_1_L	0.554455	0.743336	0.732673	0.92766	0.039604	0.282885
DorsAttnA_IPL_2_L	0.485149	0.743336	0.772277	0.92766	0.613861	0.954918
DorsAttnA_IPS_1_L	0.524752	0.743336	0.306931	0.806747	0.792079	0.954918
DorsAttnA_IPS_1_R	0.336634	0.743336	0.039604	0.803157	0.029703	0.282885
DorsAttnA_IPS_2_L	0.485149	0.743336	0.356436	0.824129	0.752475	0.954918
DorsAttnA_IPS_2_R	0.336634	0.743336	0.049505	0.803157	0.029703	0.282885
DorsAttnA_IPS_3_L	0.643564	0.748331	0.356436	0.824129	0.673267	0.954918
DorsAttnA_IPS_4_L	0.138614	0.743336	0.732673	0.92766	0.673267	0.954918
DorsAttnA_PFCd_1_L	0.653465	0.749566	0.990099	0.99258	0.910891	0.954918
DorsAttnA_PrCd_1_L	0.722772	0.750932	0.970297	0.99258	0.881188	0.954918
DorsAttnA_PrCd_1_R	0.148515	0.743336	0.069307	0.803157	0.336634	0.948264
DorsAttnA_PrCv_1_L	0.544554	0.743336	0.980198	0.99258	0.90099	0.954918
DorsAttnA_PrCv_1_R	0.118812	0.743336	0.029703	0.803157	0.326733	0.948264
DorsAttnA_SPL_1_L	0.643564	0.748331	0.39604	0.833768	0.792079	0.954918
DorsAttnA_SPL_1_R	0.277228	0.743336	0.19802	0.803157	0.574257	0.954918
DorsAttnA_SPL_2_L	0.554455	0.743336	0.376238	0.825965	0.811881	0.954918
DorsAttnA_SPL_2_R	0.594059	0.743336	0.178218	0.803157	0.49505	0.954918
DorsAttnA_SPL_3_R	0.554455	0.743336	0.316832	0.806747	0.356436	0.954312
DorsAttnA_SPL_4_R	0.445545	0.743336	0.19802	0.803157	0.772277	0.954918
DorsAttnA_TempOcc_1_L	0.435644	0.743336	0.772277	0.92766	0.693069	0.954918
DorsAttnA_TempOcc_1_R	0.415842	0.743336	0.207921	0.803157	0.039604	0.282885
DorsAttnA_TempOcc_2_L	0.465347	0.743336	0.772277	0.92766	0.712871	0.954918
DorsAttnA_TempOcc_2_R	0.39604	0.743336	0.207921	0.803157	0.039604	0.282885
DorsAttnA_TempOcc_3_L	0.435644	0.743336	0.762376	0.92766	0.70297	0.954918
DorsAttnA_TempPole_1_L	0.148515	0.743336	0.326733	0.806747	0.574257	0.954918
DorsAttnA_TempPole_1_R	0.524752	0.743336	0.762376	0.92766	0.544554	0.954918
DorsAttnA_TempPole_2_L	0.485149	0.743336	0.287129	0.803157	0.534653	0.954918
DorsAttnB_FrMed_1_L	0.70297	0.750932	0.980198	0.99258	0.891089	0.954918
DorsAttnB_IPL_1_R	0.227723	0.743336	0.049505	0.803157	0.049505	0.291206
DorsAttnB_IPL_2_R	0.356436	0.743336	0.188119	0.803157	0.079208	0.344382
DorsAttnB_ParOper_1_L	0.485149	0.743336	0.732673	0.92766	0.623762	0.954918
DorsAttnB_PostC_1_L	0.524752	0.743336	0.386139	0.825965	0.059406	0.308602
DorsAttnB_PostC_1_R	0.227723	0.743336	0.257426	0.803157	0.029703	0.282885
DorsAttnB_PostC_2_L	0.554455	0.743336	0.435644	0.854203	0.623762	0.954918
DorsAttnB_PostC_2_R	0.346535	0.743336	0.108911	0.803157	0.089109	0.375195
DorsAttnB_PostC_3_L	0.594059	0.743336	0.732673	0.92766	0.574257	0.954918
DorsAttnB_PostC_3_R	0.316832	0.743336	0.188119	0.803157	0.049505	0.291206
DorsAttnB_PrCd_1_L	0.732673	0.753392	0.970297	0.99258	0.90099	0.954918
DorsAttnB_PrCd_1_R	0.60396	0.743336	0.732673	0.92766	0.594059	0.954918
DorsAttnB_PrCd_2_L	0.722772	0.750932	0.990099	0.99258	0.881188	0.954918
DorsAttnB_PrCd_2_R	0.613861	0.746336	0.742574	0.92766	0.60396	0.954918
DorsAttnB_PrCd_3_R	0.623762	0.748331	0.732673	0.92766	0.683168	0.954918
DorsAttnB_PrCv_1_L	0.554455	0.743336	0.940594	0.99258	0.940594	0.954918
DorsAttnB_PrCv_1_R	0.09901	0.743336	0.029703	0.803157	0.277228	0.908943
DorsAttnB_SPL_1_L	0.485149	0.743336	0.435644	0.854203	0.079208	0.344382
DorsAttnB_SPL_1_R	0.277228	0.743336	0.217822	0.803157	0.059406	0.308602
DorsAttnB_SPL_2_L	0.732673	0.753392	0.386139	0.825965	0.831683	0.954918
DorsAttnB_SPL_2_R	0.287129	0.743336	0.188119	0.803157	0.19802	0.769009
DorsAttnB_SPL_3_L	0.722772	0.750932	0.445545	0.865135	0.831683	0.954918
DorsAttnB_SPL_3_R	0.336634	0.743336	0.247525	0.803157	0.247525	0.839067
DorsAttnB_SPL_4_L	0.70297	0.750932	0.366337	0.825965	0.80198	0.954918
Language_IFG_1_L	0.594059	0.743336	0.990099	0.99258	0.940594	0.954918
Language_IFG_1_R	0.108911	0.743336	0.257426	0.803157	0.990099	0.990099
Language_IFG_2_L	0.544554	0.743336	0.980198	0.99258	0.920792	0.954918
Language_IPL_1_L	0.50495	0.743336	0.643564	0.92766	0.633663	0.954918
Language_PFCd_1_L	0.712871	0.750932	0.693069	0.92766	0.920792	0.954918
Language_PFCd_1_R	0.138614	0.743336	0.316832	0.806747	0.435644	0.954918
Language_PFCd_2_L	0.346535	0.743336	0.881188	0.984568	0.762376	0.954918
Language_PFCl_1_L	0.554455	0.743336	0.990099	0.99258	0.920792	0.954918
Language_PFCl_1_R	0.188119	0.743336	0.089109	0.803157	0.39604	0.954312
Language_PFCl_2_R	0.158416	0.743336	0.257426	0.803157	0.366337	0.954312
Language_TempPole_1_L	0.455446	0.743336	0.772277	0.92766	0.693069	0.954918
Language_TempPole_1_R	0.386139	0.743336	0.168317	0.803157	0.039604	0.282885
Language_TempPole_2_R	0.60396	0.743336	0.237624	0.803157	0.039604	0.282885
Language_Temp_1_L	0.445545	0.743336	0.693069	0.92766	0.683168	0.954918
Language_Temp_1_R	0.366337	0.743336	0.138614	0.803157	0.069307	0.334009
Language_Temp_2_L	0.445545	0.743336	0.70297	0.92766	0.663366	0.954918
Language_Temp_2_R	0.643564	0.748331	0.356436	0.824129	0.029703	0.282885
Language_Temp_3_L	0.544554	0.743336	0.712871	0.92766	0.50495	0.954918
SalVenAttnA_FrMed_1_L	0.693069	0.750932	0.80198	0.946289	0.811881	0.954918
SalVenAttnA_FrMed_1_R	0.673267	0.750159	0.742574	0.92766	0.712871	0.954918
SalVenAttnA_FrMed_2_L	0.772277	0.780078	0.970297	0.99258	0.861386	0.954918
SalVenAttnA_FrMed_2_R	0.485149	0.743336	0.920792	0.99258	0.881188	0.954918
SalVenAttnA_FrMed_3_R	0.425743	0.743336	0.742574	0.92766	0.70297	0.954918
SalVenAttnA_FrOper_1_L	0.544554	0.743336	0.970297	0.99258	0.910891	0.954918
SalVenAttnA_FrOper_1_R	0.069307	0.743336	0.029703	0.803157	0.227723	0.820623
SalVenAttnA_FrOper_2_R	0.118812	0.743336	0.049505	0.803157	0.326733	0.948264
SalVenAttnA_IPL_1_L	0.376238	0.743336	0.673267	0.92766	0.663366	0.954918
SalVenAttnA_IPL_1_R	0.29703	0.743336	0.118812	0.803157	0.059406	0.308602
SalVenAttnA_IPL_2_R	0.247525	0.743336	0.069307	0.803157	0.019802	0.282885
SalVenAttnA_Ins_1_L	0.564356	0.743336	0.980198	0.99258	0.920792	0.954918
SalVenAttnA_Ins_1_R	0.108911	0.743336	0.059406	0.803157	0.366337	0.954312
SalVenAttnA_Ins_2_L	0.752475	0.769796	0.564356	0.92766	0.881188	0.954918
SalVenAttnA_Ins_2_R	0.09901	0.743336	0.059406	0.803157	0.356436	0.954312
SalVenAttnA_Ins_3_L	0.772277	0.780078	0.594059	0.92766	0.841584	0.954918
SalVenAttnA_Ins_3_R	0.643564	0.748331	0.287129	0.803157	0.059406	0.308602
SalVenAttnA_PFCd_1_L	0.732673	0.753392	0.990099	0.99258	0.90099	0.954918
SalVenAttnA_PFCmp_1_R	0.356436	0.743336	0.782178	0.931165	0.772277	0.954918
SalVenAttnA_SPL_1_L	0.584158	0.743336	0.564356	0.92766	0.742574	0.954918
SalVenAttnA_SPL_1_R	0.574257	0.743336	0.158416	0.803157	0.316832	0.948264
SalVenAttnA_SPL_2_L	0.633663	0.748331	0.376238	0.825965	0.851485	0.954918
SalVenAttnA_SPL_2_R	0.544554	0.743336	0.227723	0.803157	0.227723	0.820623
SalVenAttnA_SPL_3_L	0.712871	0.750932	0.386139	0.825965	0.821782	0.954918
SalVenAttnB_IFG_1_L	0.554455	0.743336	0.990099	0.99258	0.930693	0.954918
SalVenAttnB_IFG_1_R	0.138614	0.743336	0.19802	0.803157	0.336634	0.948264
SalVenAttnB_IPL_1_L	0.524752	0.743336	0.673267	0.92766	0.732673	0.954918
SalVenAttnB_IPL_1_R	0.267327	0.743336	0.039604	0.803157	0.039604	0.282885
SalVenAttnB_IPL_2_L	0.237624	0.743336	0.70297	0.92766	0.386139	0.954312
SalVenAttnB_IPL_2_R	0.316832	0.743336	0.039604	0.803157	0.009901	0.282885
SalVenAttnB_IPL_3_R	0.346535	0.743336	0.039604	0.803157	0.029703	0.282885
SalVenAttnB_Ins_1_L	0.554455	0.743336	0.980198	0.99258	0.930693	0.954918
SalVenAttnB_Ins_1_R	0.108911	0.743336	0.277228	0.803157	0.366337	0.954312
SalVenAttnB_Ins_2_L	0.60396	0.743336	0.990099	0.99258	0.940594	0.954918
SalVenAttnB_Ins_2_R	0.09901	0.743336	0.178218	0.803157	0.306931	0.948264
SalVenAttnB_Ins_3_R	0.722772	0.750932	0.336634	0.824129	0.079208	0.344382
SalVenAttnB_OFC_1_L	0.524752	0.743336	0.564356	0.92766	0.613861	0.954918
SalVenAttnB_OFC_1_R	0.643564	0.748331	0.257426	0.803157	0.039604	0.282885
SalVenAttnB_OFC_2_L	0.415842	0.743336	0.356436	0.824129	0.534653	0.954918
SalVenAttnB_PFCd_1_R	0.683168	0.750932	0.742574	0.92766	0.712871	0.954918
SalVenAttnB_PFCl_1_L	0.712871	0.750932	1.0	1.0	0.752475	0.954918
SalVenAttnB_PFCl_1_R	0.128713	0.743336	0.049505	0.803157	0.277228	0.908943
SalVenAttnB_PFCl_2_L	0.336634	0.743336	0.841584	0.964566	0.950495	0.960096
SalVenAttnB_PFCl_2_R	0.128713	0.743336	0.346535	0.824129	0.455446	0.954918
SalVenAttnB_PFCl_3_L	0.584158	0.743336	0.990099	0.99258	0.940594	0.954918
SalVenAttnB_PFCl_3_R	0.09901	0.743336	0.277228	0.803157	0.376238	0.954312
SalVenAttnB_PFCmp_1_L	0.267327	0.743336	0.90099	0.99258	0.851485	0.954918
SalVenAttnB_SPL_1_L	0.663366	0.749566	0.39604	0.833768	0.841584	0.954918
SalVenAttnB_SPL_1_R	0.534653	0.743336	0.584158	0.92766	0.90099	0.954918
SalVenAttnB_Temp_1_L	0.435644	0.743336	0.693069	0.92766	0.673267	0.954918
SalVenAttnB_Temp_1_R	0.39604	0.743336	0.19802	0.803157	0.029703	0.282885
SalVenAttnB_Temp_2_R	0.386139	0.743336	0.207921	0.803157	0.029703	0.282885
SomMotA_10_L	0.712871	0.750932	0.841584	0.964566	0.772277	0.954918
SomMotA_10_R	0.544554	0.743336	0.50495	0.922284	0.514851	0.954918
SomMotA_11_L	0.712871	0.750932	0.752475	0.92766	0.693069	0.954918
SomMotA_11_R	0.435644	0.743336	0.405941	0.836991	0.435644	0.954918
SomMotA_12_L	0.693069	0.750932	0.960396	0.99258	0.80198	0.954918
SomMotA_12_R	0.663366	0.749566	0.762376	0.92766	0.673267	0.954918
SomMotA_1_L	0.693069	0.750932	0.722772	0.92766	0.693069	0.954918
SomMotA_1_R	0.534653	0.743336	0.60396	0.92766	0.574257	0.954918
SomMotA_2_L	0.712871	0.750932	0.970297	0.99258	0.861386	0.954918
SomMotA_2_R	0.554455	0.743336	0.712871	0.92766	0.574257	0.954918
SomMotA_3_L	0.732673	0.753392	0.445545	0.865135	0.772277	0.954918
SomMotA_3_R	0.316832	0.743336	0.247525	0.803157	0.069307	0.334009
SomMotA_4_L	0.544554	0.743336	0.653465	0.92766	0.306931	0.948264
SomMotA_4_R	0.287129	0.743336	0.316832	0.806747	0.089109	0.375195
SomMotA_5_L	0.534653	0.743336	0.693069	0.92766	0.722772	0.954918
SomMotA_5_R	0.376238	0.743336	0.247525	0.803157	0.287129	0.933752
SomMotA_6_L	0.772277	0.780078	0.386139	0.825965	0.841584	0.954918
SomMotA_6_R	0.287129	0.743336	0.227723	0.803157	0.237624	0.826517
SomMotA_7_L	0.70297	0.750932	0.376238	0.825965	0.811881	0.954918
SomMotA_7_R	0.356436	0.743336	0.257426	0.803157	0.079208	0.344382
SomMotA_8_L	0.544554	0.743336	0.742574	0.92766	0.70297	0.954918
SomMotA_8_R	0.247525	0.743336	0.316832	0.806747	0.039604	0.282885
SomMotA_9_L	0.762376	0.777935	0.386139	0.825965	0.841584	0.954918
SomMotA_9_R	0.376238	0.743336	0.257426	0.803157	0.257426	0.858086
SomMotA_ParOper_1_L	0.415842	0.743336	0.831683	0.958713	0.653465	0.954918
SomMotA_ParOper_1_R	0.247525	0.743336	0.039604	0.803157	0.019802	0.282885
SomMotB_1_L	0.70297	0.750932	0.80198	0.946289	0.762376	0.954918
SomMotB_1_R	0.475248	0.743336	0.435644	0.854203	0.485149	0.954918
SomMotB_2_L	0.673267	0.750159	0.465347	0.878012	0.594059	0.954918
SomMotB_2_R	0.356436	0.743336	0.227723	0.803157	0.306931	0.948264
SomMotB_3_L	0.673267	0.750159	0.940594	0.99258	0.831683	0.954918
SomMotB_3_R	0.138614	0.743336	0.049505	0.803157	0.237624	0.826517
SomMotB_4_L	0.70297	0.750932	0.970297	0.99258	0.970297	0.977629
SomMotB_4_R	0.227723	0.743336	0.118812	0.803157	0.019802	0.282885
SomMotB_5_L	0.277228	0.743336	0.80198	0.946289	0.80198	0.954918
SomMotB_5_R	0.09901	0.743336	0.039604	0.803157	0.217822	0.820623
SomMotB_6_L	0.514851	0.743336	0.831683	0.958713	0.871287	0.954918
SomMotB_6_R	0.534653	0.743336	0.70297	0.92766	0.207921	0.792079
SomMotB_7_L	0.49505	0.743336	0.940594	0.99258	0.861386	0.954918
SomMotB_7_R	0.326733	0.743336	0.009901	0.803157	0.079208	0.344382
SomMotB_8_L	0.534653	0.743336	0.346535	0.824129	0.039604	0.282885
SomMotB_9_L	0.712871	0.750932	0.940594	0.99258	0.881188	0.954918
SomMotB_Ins_1_L	0.534653	0.743336	0.970297	0.99258	0.90099	0.954918
SomMotB_Ins_1_R	0.09901	0.743336	0.059406	0.803157	0.336634	0.948264
SomMotB_Ins_2_R	0.405941	0.743336	0.534653	0.92766	0.128713	0.536304
SomMotB_ParOper_1_L	0.663366	0.749566	0.465347	0.878012	0.811881	0.954918
SomMotB_ParOper_1_R	0.425743	0.743336	0.60396	0.92766	0.148515	0.606183
SomMotB_ParOper_2_L	0.415842	0.743336	0.405941	0.836991	0.633663	0.954918
SomMotB_ParOper_2_R	0.316832	0.743336	0.069307	0.803157	0.079208	0.344382
VisualA_ExStr_10_L	0.465347	0.743336	0.287129	0.803157	0.574257	0.954918
VisualA_ExStr_10_R	0.49505	0.743336	0.178218	0.803157	0.009901	0.282885
VisualA_ExStr_11_L	0.534653	0.743336	0.683168	0.92766	0.722772	0.954918
VisualA_ExStr_11_R	0.653465	0.749566	0.138614	0.803157	0.019802	0.282885
VisualA_ExStr_12_R	0.653465	0.749566	0.623762	0.92766	0.029703	0.282885
VisualA_ExStr_1_L	0.633663	0.748331	0.405941	0.836991	0.524752	0.954918
VisualA_ExStr_1_R	0.445545	0.743336	0.207921	0.803157	0.019802	0.282885
VisualA_ExStr_2_L	0.564356	0.743336	0.376238	0.825965	0.653465	0.954918
VisualA_ExStr_2_R	0.366337	0.743336	0.118812	0.803157	0.059406	0.308602
VisualA_ExStr_3_L	0.485149	0.743336	0.257426	0.803157	0.475248	0.954918
VisualA_ExStr_3_R	0.445545	0.743336	0.158416	0.803157	0.19802	0.769009
VisualA_ExStr_4_L	0.158416	0.743336	0.039604	0.803157	0.752475	0.954918
VisualA_ExStr_4_R	0.584158	0.743336	0.316832	0.806747	0.069307	0.334009
VisualA_ExStr_5_L	0.554455	0.743336	0.663366	0.92766	0.663366	0.954918
VisualA_ExStr_5_R	0.455446	0.743336	0.148515	0.803157	0.227723	0.820623
VisualA_ExStr_6_L	0.138614	0.743336	0.257426	0.803157	0.594059	0.954918
VisualA_ExStr_6_R	0.50495	0.743336	0.277228	0.803157	0.039604	0.282885
VisualA_ExStr_7_L	0.465347	0.743336	0.683168	0.92766	0.673267	0.954918
VisualA_ExStr_7_R	0.39604	0.743336	0.188119	0.803157	0.039604	0.282885
VisualA_ExStr_8_L	0.485149	0.743336	0.366337	0.825965	0.089109	0.375195
VisualA_ExStr_8_R	0.425743	0.743336	0.207921	0.803157	0.039604	0.282885
VisualA_ExStr_9_L	0.50495	0.743336	0.425743	0.854203	0.693069	0.954918
VisualA_ExStr_9_R	0.415842	0.743336	0.118812	0.803157	0.158416	0.640064
VisualA_PrC_1_L	0.683168	0.750932	0.950495	0.99258	0.990099	0.990099
VisualA_PrC_1_R	0.148515	0.743336	0.059406	0.803157	0.29703	0.948264
VisualA_SPL_1_L	0.118812	0.743336	0.39604	0.833768	0.009901	0.282885
VisualA_SPL_1_R	0.346535	0.743336	0.247525	0.803157	0.029703	0.282885
VisualA_SPL_2_R	0.346535	0.743336	0.257426	0.803157	0.049505	0.291206
VisualB_ExStrInf_1_L	0.455446	0.743336	0.663366	0.92766	0.079208	0.344382
VisualB_ExStrInf_1_R	0.445545	0.743336	0.178218	0.803157	0.237624	0.826517
VisualB_ExStrInf_2_L	0.435644	0.743336	0.762376	0.92766	0.049505	0.291206
VisualB_ExStrInf_2_R	0.425743	0.743336	0.138614	0.803157	0.207921	0.792079
VisualB_ExStrInf_3_L	0.128713	0.743336	0.376238	0.825965	0.564356	0.954918
VisualB_ExStrInf_3_R	0.366337	0.743336	0.356436	0.824129	0.306931	0.948264
VisualB_ExStrInf_4_L	0.138614	0.743336	0.653465	0.92766	0.574257	0.954918
VisualB_ExStrInf_4_R	0.336634	0.743336	0.425743	0.854203	0.326733	0.948264
VisualB_ExStrSup_1_L	0.405941	0.743336	0.257426	0.803157	0.405941	0.954918
VisualB_ExStrSup_1_R	0.405941	0.743336	0.178218	0.803157	0.009901	0.282885
VisualB_ExStrSup_2_L	0.534653	0.743336	0.376238	0.825965	0.732673	0.954918
VisualB_ExStrSup_2_R	0.465347	0.743336	0.178218	0.803157	0.019802	0.282885
VisualB_ExStrSup_3_L	0.39604	0.743336	0.366337	0.825965	0.663366	0.954918
VisualB_ExStrSup_3_R	0.39604	0.743336	0.455446	0.871666	0.247525	0.839067
VisualB_ExStrSup_4_L	0.287129	0.743336	0.178218	0.803157	0.524752	0.954918
VisualB_ExStrSup_4_R	0.445545	0.743336	0.188119	0.803157	0.742574	0.954918
VisualB_ExStrSup_5_L	0.386139	0.743336	0.277228	0.803157	0.415842	0.954918
VisualB_ExStrSup_5_R	0.425743	0.743336	0.168317	0.803157	0.019802	0.282885
VisualB_SPL_1_R	0.485149	0.743336	0.207921	0.803157	0.871287	0.954918
VisualB_Striate_1_L	0.50495	0.743336	0.356436	0.824129	0.643564	0.954918
VisualB_Striate_1_R	0.475248	0.743336	0.148515	0.803157	0.237624	0.826517
VisualB_Striate_2_L	0.09901	0.743336	0.712871	0.92766	0.39604	0.954312
VisualB_Striate_2_R	0.435644	0.743336	0.148515	0.803157	0.178218	0.712871
VisualB_Striate_3_L	0.445545	0.743336	0.207921	0.803157	0.386139	0.954312
VisualB_Striate_3_R	0.564356	0.743336	0.287129	0.803157	0.80198	0.954918
VisualC_ExStr_1_L	0.435644	0.743336	0.316832	0.806747	0.415842	0.954918
VisualC_ExStr_1_R	0.455446	0.743336	0.118812	0.803157	0.227723	0.820623
VisualC_ExStr_2_L	0.554455	0.743336	0.287129	0.803157	0.564356	0.954918
VisualC_ExStr_2_R	0.415842	0.743336	0.148515	0.803157	0.227723	0.820623
VisualC_ExStr_3_L	0.376238	0.743336	0.742574	0.92766	0.049505	0.291206
VisualC_ExStr_3_R	0.544554	0.743336	0.188119	0.803157	0.316832	0.948264
VisualC_ExStr_4_R	0.405941	0.743336	0.168317	0.803157	0.19802	0.769009
VisualC_Striate_1_L	0.465347	0.743336	0.316832	0.806747	0.544554	0.954918
