participant_id	Group_label	GoNoGo_tau	SATO_Accuracy_tau	Foreperiod_Long_tau	sub_01_V1_conn_behaviour	sub_02_ST_conn_behaviour	sub_03_IFG_conn_behaviour	sub_04_SPL_conn_behaviour	sub_05_pCun_conn_behaviour	sub_06_RSC_conn_behaviour	sub_07_PrCd_conn_behaviour	sub_08_IPL_conn_behaviour	sub_09_ParOper_conn_behaviour	sub_10_PrCd_conn_behaviour	dist_V1_IFG_conn_behaviour	dist_SPL_PrCd_conn_behaviour	dist_IFG_RSC_conn_behaviour	foreperiod_median_rt	foreperiod_hexg_total	foreperiod_hexg_mu	foreperiod_hexg_sigma	foreperiod_tail_frac_above_hc_p90	foreperiod_hexg_tau	foreperiod_slognorm_mu	foreperiod_swald_drift_inv	foreperiod_tail_frac_above_hc_p90_speed_residual	gonogo_median_rt	gonogo_hexg_total	gonogo_hexg_mu	gonogo_hexg_sigma	gonogo_tail_frac_above_hc_p90	gonogo_hexg_tau	gonogo_slognorm_mu	gonogo_swald_drift_inv	gonogo_tail_frac_above_hc_p90_speed_residual	lesion_volume_mm3	Hayling_P3SS	FluencyS_raw
sub-P1	RF	0.00019106			0.0	0.0	0.0	0.0	4.51e-06	0.00282127	0.0	0.01318158	0.0	0.01900855	0.0	0.0	0.00282047										0.40281419	0.3789973	0.39001744	0.3790006	0.05783455	0.31954675	0.87672771	0.16786026	0.68298799	48362.0		
sub-P100	RF	0.93206048	0.0195594	0.02808127	0.0	0.0	0.0	6.705e-05	0.0	0.0	0.00779511	0.06534642	0.01867281	0.12855642	0.0	0.00233466	0.0	0.28228635	0.28049767	0.49114733	0.28052468	0.777778	0.13095766	0.75222025	0.03461677	0.79776676	0.69035134	0.76235229	0.67618229	0.76240217	0.72981426	0.81953427	0.80929677	1.0	0.83860121	50611.0	1	13
sub-P102	RNF	0.11743145	0.08404598	0.04222392	0.0	0.0	0.0	0.0001196	2.255e-05	0.0	0.0021789	0.31053833	0.28393154	0.01490842	0.0	0.00075469	0.0	0.26932297	0.27916451	0.31981416	0.27923075	0.611111	0.23553646	0.8734193	0.04609788	0.69861603	0.54649537	0.51196473	0.55732787	0.51197678	0.29800771	0.38192942	0.89633078	0.20543498	0.66871454	17715.0	5	15
sub-P103	LF	0.00029541	0.01862891	0.01104594	0.23146093	0.03463634	1.0	0.03135794	0.00820866	0.00936801	0.02318822	0.0	0.0	9.586e-05	0.9849158	0.03806407	0.08307141	0.2600444	0.25023252	0.44565389	0.25027362	0.722222	0.11215861	0.87131859	0.01584046	0.80073758	0.80326866	0.78426699	0.94135137	0.7842655	0.95788083	0.44214818	0.98105922	0.18749735	0.92309235	38660.0	7	9
sub-P104	LF	0.00011317	0.09228374	0.00930582														0.13609323	0.14721711	0.28544155	0.14722376	0.111111	0.05150982	0.57363898	0.02603004	0.69372684	0.44275476	0.43266383	0.55725975	0.4326662	0.08695617	0.18202664	0.72210658	0.19675772	0.64909837		5	6
sub-P105	LF	0.19537517	0.00123645	0.00852803	0.0	0.0	0.00487423	0.00011598	0.0038698	0.00407055	0.01702837	0.0	0.0	0.00517445	0.0	0.0050693	0.00443035	0.17680355	0.18128596	0.37747132	0.18129759	0.111111	0.04726198	0.69075455	0.01448658	0.57425312	0.4026394	0.39595347	0.43494654	0.39596171	0.08340766	0.2890059	0.74484909	0.28920854	0.70055318	6677.0	6	14
sub-P106	LF	0.00015138	0.02204709	0.01320131														0.24157603	0.23985718	0.45736285	0.23987465	0.666667	0.08871688	0.75552909	0.02177666	0.79885886	0.6689827	0.63967669	0.80582782	0.63969259	0.80887749	0.29858544	0.91889669	0.16225521	0.93031411		6	8
sub-P107	LF	0.2152513	0.01138569	0.01267497	0.0	0.0	0.13100606	0.00563044	0.00126287	0.0097674	0.08630063	0.0	0.0	0.00726159	0.0	0.03073251	0.0194207	0.19806881	0.20490761	0.38830354	0.20492491	0.222222	0.07729446	0.7270882	0.02152364	0.59119936	0.55575948	0.53840785	0.6398101	0.53841312	0.34057951	0.31404366	0.77287325	0.3231061	0.68739375	45234.0	2	8
sub-P109	RF	0.24693055	0.01900859	0.00561857	0.0	0.0	0.00065787	0.00106737	0.03389907	0.03541121	0.00091185	0.08053281	0.14147533	0.02324252	0.0	0.00133203	0.03545236	0.22492786	0.22226494	0.45614868	0.22227929	0.5	0.06208413	0.85550187	0.01013674	0.71200738	0.52101905	0.51574072	0.5434755	0.51574513	0.40443823	0.41405574	0.85896236	0.26523505	0.77248785	236958.0	7	21
sub-P11	LF	0.0001602	0.01240249	0.00169148	0.0	0.02649889	0.41533797	0.00010329	0.0	0.00038022	0.01066927	0.0	0.0	2.894e-05	0.0	0.00320881	0.03099327	0.25265261	0.24366833	0.52435308	0.2436783	0.666667	0.0529491	0.81580384	0.01103778	0.77340688	0.46456039	0.45513158	0.53875233	0.45514026	0.17029027	0.26889238	0.81581742	0.19692098	0.6763903	7104.0	3	19
sub-P111	RNF	0.15183403	0.01329257	0.00499632	0.00043473	0.0	0.0	0.00149505	0.02942039	0.0013036	0.00347628	0.10631467	0.11123611	0.05455147	0.0	0.00250479	0.00130323	0.15283019	0.1513638	0.32344107	0.15137002	0.0	0.03431105	0.66525318	0.01179881	0.57089042	0.51214823	0.49397306	0.61199083	0.49398268	0.21286207	0.24736042	0.80310662	0.20653965	0.64971726	92080.0	8	16
sub-P112	RF	0.26808531	0.02251469		0.0	0.0	0.0	0.0	0.00308952	0.00472554	0.0	0.00151269	0.0	0.00153551	0.0	0.0	0.00472421										0.67588708	0.63684441	0.75393533	0.63685401	0.70244594	0.37611132	0.854213	0.29588895	0.83108517	46401.0		
sub-P113	LF	0.21969125	0.00923505	0.0039635	0.00033177	0.00080786	0.00730237	0.00128665	0.0	0.0	1.0	0.0	0.0	0.00983344	1.165e-05	0.29224747	0.00053982	0.0954939	0.09633017	0.20131549	0.09633487	0.0	0.02465423	0.58364166	0.01120475	0.80178323	0.38450446	0.39752862	0.41202969	0.39753348	0.12771744	0.33037056	0.82466421	0.23843483	0.76047351	16741.0	8	15
sub-P114	RNF		0.02095372																																	1272.0		13
sub-P115	RNF	0.00017195	0.00732046	0.01178929	0.07623842	0.0	0.0	0.00028632	0.03037205	0.00736469	0.0	0.0	0.0	0.0	0.0	0.00028595	0.00736262	0.14350721	0.15011475	0.27496089	0.15012691	0.111111	0.06254521	0.66736475	0.02107794	0.66765213	0.40635378	0.40566092	0.48293966	0.40566919	0.08514462	0.23518284	0.69525944	0.27371023	0.69635478	21881.0	8	13
sub-P118	LNF	0.10975818	0.01336188	0.00150534	0.0	0.00164515	0.03903568	0.00015947	0.0	8.307e-05	0.00057397	0.0	0.0	0.0	0.0	0.00032758	0.00296102	0.12317425	0.1201996	0.27826129	0.12020535	0.0	0.01391706	0.68926671	0.00431739	0.66714224	0.38074637	0.37509731	0.45984506	0.37510322	0.04257282	0.19577679	0.69604168	0.22977576	0.70546438	11679.0	7	
sub-P119	LNF	0.05678308	0.01744668	0.00808131														0.14721421	0.1464365	0.28114461	0.1464544	0.055556	0.05296936	0.6716533	0.01725226	0.62004514	0.39914351	0.39174153	0.49600097	0.39174059	0.04170332	0.1787638	0.79228619	0.14796177	0.67747813		2	7
sub-P121	LNF		0.02257829	0.00729105														0.10661487	0.11359008	0.21791992	0.11359254	0.0	0.04118928	0.58558141	0.0195178	0.74046419												16
sub-P122	RF	0.21011032			0.0	0.0	0.0	0.00039143	0.0	0.0	0.03264891	0.0	0.0	0.43311829	0.0	0.00989065	0.0										0.38821884	0.4248744	0.45876321	0.42486597	0.16027313	0.32309042	0.70218379	0.53470127	0.77878131	16017.0	1	10
sub-P123	LF	0.00028953	0.01410935	1.333e-05	0.0	0.0	0.00042463	0.00536949	0.00134406	0.19607643	0.00366472	0.0	0.0	0.00657613	0.0	0.00643028	0.19605325	0.18235294	0.17817517	0.37284092	0.17818517	0.111111	0.04530132	0.82533797	0.00811088	0.56157721	0.50834644	0.47976819	0.49529521	0.47977804	0.29800771	0.40193773	0.91278018	0.19870966	0.71061321	12313.0	1	10
sub-P124	LNF	0.26663913	0.01387502	0.04338598	0.32126759	0.52194197	0.51199718	0.08195034	0.01308876	0.01576139	0.08041369	0.0	0.0	6.149e-05	0.69991731	0.10524087	0.05349317	0.30261931	0.34126625	0.52836879	0.34128251	1.0	0.20239553	0.67316588	0.0931787	0.94747853	0.57765251	0.56557745	0.64752616	0.5655806	0.46644658	0.36998191	0.80582223	0.32657976	0.7526861	188077.0		7
sub-P125	RF	0.24777562	0.0131691	0.04414389														0.40066593	0.4089008	0.72116149	0.40892745	1.0	0.18768013	0.79345752	0.04630537	0.77364049	0.73955602	0.68892661	0.82184075	0.6889275	0.80887749	0.39667698	0.84038818	0.29975303	0.85516658		1	
sub-P126	RNF	0.43818763	0.01367125	0.08253602	0.0	0.0	0.0	0.001756	0.03403889	0.00027797	0.0	0.08943393	0.34137924	0.02725584	0.0	0.00175371	0.00027789	0.27669256	0.31356598	0.33709216	0.31359636	0.611111	0.27833921	0.79887092	0.10769884	0.68512704	0.50104877	0.53177054	0.52610274	0.53176396	0.31787441	0.48283248	0.79644259	0.47112624	0.73341762	28220.0	1	13
sub-P13	Unclassified	0.11194067	0.00679172		0.0	0.0	0.0	0.0029013	0.0554671	0.00079877	0.0	0.03451784	0.00879592	0.0005028	0.0	0.00289752	0.00079855										0.52289809	0.51541246	0.65984634	0.51541983	0.25543489	0.22335261	0.89267934	0.13779589	0.66564685	17965.0	6	10
sub-P130	RNF		0.00771575		0.00080082	0.0	0.0	0.00263491	0.09371857	0.00058151	0.0	0.0	0.00248223	0.00200214	0.0	0.00263147	0.00058134																			60786.0		
sub-P131	LF		0.14851257		9.152e-05	0.0	0.05121826	9.06e-06	1.804e-05	0.46989264	0.00493827	0.0	0.0	7.23e-06	2.038e-05	0.00144604	0.4735361																			51393.0		
sub-P133	RNF	0.10938487	0.00463465	0.00658004	0.04618465	0.0	0.0	0.00069588	0.06992698	0.00582465	0.0	0.0	0.0	0.00424663	0.0	0.00069497	0.00582302	0.16572697	0.16310641	0.35187757	0.16311756	0.055556	0.03489101	0.17969224	0.02568283	0.56920593	0.51206083	0.50324716	0.63241582	0.50325538	0.25022197	0.23742555	0.82082911	0.1808557	0.67401022	60692.0	5	25
sub-P135	LNF		0.00996678																																	1781.0	1	18
sub-P136	LNF		0.02341424		0.01376273	0.00246638	0.0	0.0100594	0.35674306	0.30780242	0.00047867	0.0	0.0	0.00120092	0.0	0.01018565	0.3077159																			22209.0	1	15
sub-P137	LF	0.14291299	0.00998406	0.0048967	0.00827136	0.04605606	0.5654821	0.00870389	0.00232729	0.19279507	0.29567251	0.0	0.0	0.01465883	0.01989973	0.09472221	0.23441872	0.17860155	0.17836526	0.36668257	0.17837204	0.055556	0.04943088	0.82529412	0.00893871	0.5392651	0.47552875	0.45793074	0.51874056	0.45794756	0.21286207	0.30860484	0.79515914	0.24960325	0.69148349	273541.0	6	17
sub-P138	LNF	0.17269045	0.01089811	0.00624577	1.144e-05	0.00017388	0.00042463	1.45e-05	0.0	0.0	0.00494694	0.0	0.0	3.075e-05	0.0	0.00145509	3.194e-05	0.16024417	0.16019371	0.31122307	0.16020021	0.055556	0.05566364	0.79428934	0.01093651	0.58320589	0.42099283	0.41913551	0.47154816	0.41914658	0.14596265	0.28775549	0.80305355	0.22466022	0.71741988	1813.0	6	10
sub-P140	LNF			0.00853717	0.04196316	0.0389164	0.00741002	0.31770752	0.20799037	0.26828551	0.03443578	0.0	0.0	0.00014288	0.00132471	0.32731267	0.26875631	0.16028857	0.16798393	0.34635628	0.16799384	0.055556	0.0459216	0.61711316	0.01924444	0.58308926										148085.0	2	16
sub-P141	RNF	0.22035849	0.01567873	0.02151912	0.00443885	0.0	0.0	0.0	0.00119071	0.00050802	0.0	0.0	0.0	0.0	0.0	0.0	0.00050788	0.16386238	0.18847727	0.30044021	0.18849015	0.222222	0.10640945	0.62096258	0.05294542	0.67795389	0.52652508	0.53586521	0.63632936	0.5358709	0.27246422	0.31331008	0.75480258	0.29888676	0.67291652	50776.0	7	23
sub-P142	RF	0.0001117	0.006586	0.00580867	0.0	0.0	0.0	0.00030082	0.02626321	0.00031631	0.0	0.10369884	0.09035732	0.01133279	0.0	0.00030043	0.00031623	0.17127636	0.16995465	0.37776743	0.16996096	0.0	0.02943633	0.55071883	0.01595568	0.52578757	0.3279584	0.31739665	0.39448682	0.31739792	0.0	0.15688408	0.80567726	0.12246873	0.76703105	62464.0	8	15
sub-P143	RF	0.10057406	0.00139126	0.00866739	0.0	0.0	0.0	0.00025008	0.0	0.0	0.01794455	0.00290318	0.00041237	0.28171544	0.0	0.00547108	0.0	0.13980022	0.14484455	0.27856842	0.14485065	0.0	0.05209465	0.71103342	0.01425212	0.60884108	0.45721902	0.45066669	0.49070439	0.45067985	0.14900334	0.33602798	0.90237783	0.17274884	0.67136589	20366.0	7	16
sub-P144	LNF		0.01427338		0.0	0.8476033	0.10976281	0.01294983	4.51e-06	0.00143779	0.00260775	0.0	0.0	0.0	0.0	0.01369127	0.00952509																			7120.0		
sub-P145	Unclassified	0.35482221	0.02507398	0.0364197	0.0	0.0	0.00014952	0.00133558	0.0308321	0.08579781	0.00855101	0.12735698	0.22167951	0.09669222	0.0	0.00382052	0.08578647	0.1991343	0.21460562	0.27112245	0.21462336	0.388889	0.16533781	0.76059696	0.04865025	0.69571861	0.61392239	0.61167179	0.65594748	0.61168369	0.55173936	0.47250134	0.82853512	0.42810205	0.7774243	310824.0	1	14
sub-P146	LF	0.00010729	0.01517395	0.02370424														0.21009989	0.21044789	0.35011101	0.21047164	0.5	0.10969463	0.72858209	0.03110115	0.7479546	0.43550079	0.41612421	0.47482544	0.41613596	0.12260875	0.27481323	0.80908938	0.20598104	0.6815375		6	2
sub-P147	Unclassified		0.00953869	3e-05	0.00072074	0.0	0.0	0.07838578	0.11511972	0.00341555	0.02589127	0.00990518	0.00110499	0.20241848	0.0	0.08581791	0.00341459	0.13147614	0.12557937	0.25990721	0.12558542	0.0	0.03371789	0.77723739	0.01520249	0.63644327										50875.0	2	22
sub-P149	RF	0.12191695	0.01326233	0.01252264	0.0	0.0	3.588e-05	0.00040955	0.00221453	0.00019171	0.00867663	0.13049797	0.35117205	0.14283906	0.0	0.00293371	0.00019485	0.19163152	0.19710357	0.39523705	0.19710997	0.166667	0.06082865	0.61594447	0.02718197	0.57275628	0.47915574	0.47651773	0.55997905	0.47652814	0.23414899	0.28819884	0.82542113	0.20754761	0.70155007	118676.0	8	19
sub-P15	LF	0.00011023	0.0020766	0.0005124	0.00152157	0.02062184	0.37395787	0.02896586	0.00538524	0.28178158	0.39965995	0.0	0.0	0.04374318	0.00243106	0.1452143	0.30926508	0.16019978	0.1596457	0.36333079	0.15965488	0.0	0.02237364	0.76261547	0.006179	0.55179924	0.4027268	0.38537266	0.49590413	0.38537607	0.0212859	0.16285814	0.70201192	0.19160347	0.65910923	279963.0	5	17
sub-P151	RNF	5.438e-05	0.01703427	0.00100072	0.1242764	0.0	0.0	0.00015041	0.57060577	0.04409547	0.0	0.0	0.0	0.00084643	0.0	0.00015021	0.04408307	0.13982242	0.14170448	0.2985637	0.1417191	0.0	0.03475893	0.79368582	0.00704074	0.60877167	0.28273029	0.27210392	0.35754449	0.272112	0.0	0.10292245	0.679635	0.12713749	0.8688307	36078.0	8	16
sub-P153	RNF		0.01173908		0.0	0.0	0.0	0.0	0.00622866	0.0	0.0	0.0	0.68869983	0.00427195	0.0	0.0	0.0																			18793.0		18
sub-P154	LNF	7.936e-05	0.00384577	0.00444171	0.00108683	0.00127064	0.00093896	0.00368053	0.00304893	0.00099367	0.03403942	0.0	0.0	0.0	2.91e-06	0.01357906	0.00106367	0.10836848	0.10736502	0.23168834	0.10737097	0.0	0.02292694	0.56985375	0.01105174	0.73179051	0.29715085	0.29638144	0.38072176	0.29638304	0.0	0.12633852	0.67426074	0.16102162	0.8332813	7133.0	8	17
sub-P156	Unclassified	0.27682264	0.00944752	0.04421845	0.0	0.0	0.0	0.0004911	1.804e-05	0.0	0.01416071	0.60448656	0.27341407	0.17371756	0.0	0.00461141	0.0	0.18051054	0.17885887	0.31995729	0.17887421	0.222222	0.07928564	0.6769353	0.09395747	0.63219272	0.42466352	0.43018416	0.43761114	0.43018655	0.19565189	0.37099549	0.72229814	0.49083153	0.74770034	51789.0	6	13
sub-P157	RNF	0.1214393	0.01359666	0.01456136	3.432e-05	0.0	0.0	0.00086985	0.07035094	0.00113106	1.733e-05	0.34233464	1.0	0.03660819	0.0	0.00087414	0.00113074	0.34335183	0.34056522	0.73928766	0.34057981	1.0	0.0700078	0.62761408	0.02953296	0.86488823	0.61776787	0.59568888	0.74994377	0.59569537	0.63858722	0.2788207	0.83439765	0.20476396	0.84196823	105472.0	3	18
sub-P158	RNF	0.00014991	0.01066705	7.65e-06														0.26559378	0.25511641	0.57150657	0.25513296	0.888889	0.04141919	0.87598264	0.00695873	0.93164354	0.58477539	0.50838796	0.49557759	0.50842425	0.40443823	0.4736623	0.91995952	0.20238014	0.70111244	1734.0	6	12
sub-P159	RNF		0.02686533	0.02568964	0.00534264	0.0	0.0	0.0018448	0.29911103	0.06970413	0.0	0.0	0.0	0.0	0.0	0.00184239	0.06968454	0.2600444	0.2500658	0.33888634	0.25009877	0.777778	0.17836151	0.86335573	0.02818639	0.84648229										998.0		
sub-P16	RNF		0.01212217	0.00815463	0.0	0.0	0.0	0.00281613	0.09066964	0.00124928	0.0	0.15383904	0.4918867	0.00965258	0.0	0.00281246	0.00124893	0.11946726	0.12312215	0.21380797	0.12312925	0.0	0.0585891	0.7370682	0.01358138	0.68202907										71963.0		
sub-P160	LF	8.818e-05	0.08823477	0.01444632	0.0	0.0	0.10962525	0.01997746	0.00037435	0.03835389	0.20774312	0.0	0.0	0.03791221	0.0	0.08039751	0.04642442	0.12410655	0.13635801	0.22052598	0.13636798	0.055556	0.07501346	0.5574517	0.04454884	0.70142451	0.29706345	0.29262728	0.36465188	0.29262954	0.0	0.14309013	0.64839417	0.19283227	0.83348714	39592.0	5	8
sub-P161	RNF	0.13841426	0.19393806	0.02026844	0.0	0.0	0.0	0.0029013	0.04342924	0.00118218	0.00023825	0.37207328	0.90189971	0.01747666	0.0	0.00296629	0.00118185	0.17680355	0.19619395	0.32882971	0.19621384	0.333333	0.10075085	0.63230699	0.04570717	0.7171552	0.5194896	0.51509678	0.61987298	0.51511017	0.31277696	0.28777842	0.79935005	0.23402832	0.70794986	119529.0		
sub-P162	LNF	0.00012492	0.02077341	1.987e-05	0.03736415	0.05920921	0.11378778	0.01793876	0.00136661	0.00137069	0.14799437	0.0	0.0	0.0	0.01809172	0.06097636	0.00975826	0.21753607	0.2224915	0.36774409	0.22249732	0.444444	0.11746836	0.85521034	0.01744015	0.68998184	0.53023947	0.5098379	0.65974711	0.50983338	0.29800771	0.20945428	0.6369277	0.49511959	0.68589001	15099.0	4	13
sub-P164	RNF	8.23e-05	0.01427826	0.00701146	0.02615261	0.0	0.0	0.19156902	0.73893747	0.02029203	0.0	0.0306139	0.00249424	0.02592832	0.0	0.19131939	0.02028633	0.19167592	0.19063127	0.40150619	0.19063869	0.166667	0.04684975	0.69436096	0.01473441	0.57266063	0.46831848	0.43742833	0.5414375	0.43743549	0.06385872	0.21985992	0.85540973	0.15324301	0.60536845	83302.0	7	24
sub-P166	LNF	0.14767186	0.03106392	0.01829379	0.00759638	0.03015031	0.00839683	0.30666048	0.13245263	0.39253307	0.04907516	0.0	0.0	0.00465176	0.00027076	0.32054034	0.39304241	0.17678135	0.19169156	0.32074744	0.19170694	0.277778	0.09877247	0.73615529	0.02663609	0.67846119	0.47002272	0.45659783	0.56319184	0.4566049	0.10643154	0.23271437	0.72892148	0.25001176	0.62920258	122849.0	7	18
sub-P167	LNF	0.08213235	0.00939522	0.01911935	0.76955726	0.37136162	0.15390596	0.16108093	0.02904604	0.03237587	0.06104613	0.0	0.0	0.0	0.50398577	0.17863257	0.04371255	0.16936737	0.17826	0.29453161	0.17827915	0.222222	0.09418069	0.65033095	0.03723092	0.66196606	0.45354833	0.43919078	0.55905852	0.43920198	0.08514462	0.1955541	0.79217085	0.16554868	0.63497351	55367.0	7	17
sub-P168	RNF	0.12024738	0.01249232	0.01896196														0.16945616	0.1620638	0.25620869	0.16207772	0.111111	0.09282139	0.66668357	0.03325858	0.59212945	0.47194546	0.4672326	0.5635091	0.46724841	0.25022197	0.25902014	0.7784933	0.2239938	0.72180591		6	16
sub-P170	LF	0.21463403	0.00977532	0.01717382	0.00205926	0.01357312	0.67724842	0.00021746	0.0	0.073829	0.03943037	0.0	0.0	0.00026225	0.00593935	0.01168961	0.12372711	0.2008657	0.19167183	0.28661719	0.19169492	0.277778	0.11998772	0.79205902	0.02482835	0.61867635	0.50839014	0.48413739	0.54797512	0.48415087	0.19565189	0.32700353	0.78794686	0.2828773	0.6428287	68865.0	7	8
sub-P171	RNF		0.07432445		0.01820158	0.0	0.0	1.81e-06	0.00155153	0.00261359	0.0	0.0	0.0	0.00024959	0.0	1.81e-06	0.00261285																			140468.0	6	16
sub-P174	RF	8.377e-05		0.0097644	0.0	0.0	0.0	0.00038056	0.00049162	0.0	0.03081222	0.0	0.0	0.66809728	0.0	0.00934409	0.0	0.15642619	0.16184105	0.32908257	0.16184658	0.055556	0.04711084	0.5579153	0.02597088	0.59345197	0.45730641	0.41959069	0.54780527	0.41959778	0.0212859	0.16447964	0.89438663	0.10058923	0.59238353	7615.0	2	12
sub-P175	Unclassified	0.00015285	1.442e-05	0.01197556	9.152e-05	0.0	0.0	0.00156391	0.06238132	0.00082433	0.00259692	0.56385519	0.48546892	0.05867693	0.0	0.00231838	0.0008241	0.32119867	0.32252499	0.70423687	0.32254294	1.0	0.06374071	0.68187754	0.02093973	0.90756962	0.72688341	0.68871635	0.86416308	0.68873044	0.87273621	0.32709196	0.89847585	0.19237032	0.92363067	183328.0	1	13
sub-P176	RNF		0.07748526	0.00496682	0.02060405	0.0	0.0	0.00075749	0.05364496	0.0042335	0.0	0.0	0.0	0.0	0.0	0.0007565	0.00423231	0.149101	0.14831019	0.3241035	0.14831934	0.0	0.02914471	0.5974587	0.01283273	0.58116766										17466.0	7	12
sub-P177	RNF	0.1411185	0.001369	0.00113848	0.0	0.0	0.0	0.00067957	0.03807556	0.00088824	0.0	0.05897196	0.2683375	0.00239642	0.0	0.00067868	0.00088799	0.20825749	0.19950241	0.33493625	0.19951314	0.388889	0.10210036	0.841245	0.0160674	0.67357024	0.39547282	0.39167961	0.45817512	0.39168116	0.04006854	0.24032569	0.82989163	0.17523734	0.68166292	43483.0	7	22
sub-P178	LNF		0.05862493																																	13136.0	3	9
sub-P179	Unclassified	0.00014109	0.18404133	0.0204262	0.0	0.0	0.0	0.00054728	0.00015786	0.0	0.02056747	0.87947327	0.5042218	0.33582018	0.0	0.00652982	0.0	0.17691454	0.20669312	0.35590774	0.20670843	0.277778	0.10024059	0.6322226	0.04719185	0.67809221	0.53753714	0.51898954	0.6602854	0.51900207	0.30652187	0.23165862	0.83513746	0.1686024	0.68373559	85565.0	1	11
sub-P180	LF	0.28862869	0.01158231	0.02412245	0.00025169	0.0	0.10167099	0.0013845	0.00048711	0.32171385	0.04166125	0.0	0.0	0.00115209	0.00011063	0.01350486	0.329117	0.18235294	0.17937106	0.26578969	0.17938839	0.333333	0.11380227	0.74535076	0.02976915	0.70132491	0.45013984	0.46682457	0.49426655	0.46682457	0.19990539	0.3709695	0.75551003	0.37866484	0.71496764	73902.0	6	17
sub-P183	RF		0.05805123	0.00831374	0.0	0.0	0.0001555	0.00089159	0.02184767	0.01116685	0.00194282	0.07995812	0.0562226	0.03507991	0.0	0.00145509	0.01117329	0.13620422	0.14192359	0.28530013	0.14193439	0.055556	0.04335659	0.58760927	0.01972186	0.65585143										225425.0		17
sub-P185	RNF	0.26501806	0.07349668	0.04474627	0.0	0.0	0.0	0.00186836	0.04320823	0.00131957	0.00047867	0.13648269	0.47928736	0.03007728	0.0	0.00200528	0.0013192	0.23231964	0.26847726	0.38020006	0.2685001	0.555556	0.1813079	0.74381069	0.06435975	0.73530934	0.64669638	0.61385169	0.65274622	0.6138529	0.62697617	0.4832228	0.87489803	0.29632107	0.80106755	98593.0	6	8
sub-P189	RNF		0.00893374	0.007967	0.0	0.0	0.0	0.00106375	0.01925878	0.00012141	0.0	0.0	0.00094885	0.00240003	0.0	0.00106236	0.00012138	0.16199778	0.16045661	0.33582456	0.16045976	0.111111	0.04075859	0.6081618	0.01736682	0.6116953										15371.0		20
sub-P19	LNF	0.12881422			0.2451779	0.15001324	0.03728335	0.06015164	0.02426968	0.38329925	0.01475417	0.0	0.0	0.0	0.03889691	0.06436796	0.38593852										0.35535745	0.36756814	0.42630707	0.36756339	0.04006854	0.23150839	0.78181352	0.24696635	0.74572677	141075.0	6	
sub-P190	RNF	0.07058791	0.01340476	0.01204604	0.0	0.0	0.0	0.00246456	0.09687124	0.00110231	0.0	0.14399992	0.64863978	0.01955114	0.0	0.00246135	0.001102	0.13982242	0.15612026	0.28525389	0.15613319	0.111111	0.06548759	0.53583453	0.04059406	0.68031388	0.36632582	0.35929788	0.46114292	0.35930335	0.0212859	0.15380955	0.68151616	0.18690012	0.7136897	124169.0	8	13
sub-P198	RF	0.00017783	0.00842584	0.01411612	0.0	0.0	0.00174037	0.00611429	0.00170037	0.00132916	0.22093134	0.0	0.0	1.0	0.0	0.07038922	0.00145975	0.30077691	0.30571452	0.64216095	0.30572569	1.0	0.07621124	0.7012123	0.02430456	0.95166614	0.51918371	0.4772369	0.55233801	0.47724365	0.21286207	0.30248014	0.91244651	0.15105019	0.64231528	21952.0		12
sub-P199	RNF		0.0180891		0.0	0.0	0.0	0.0029013	0.00178606	0.00121094	0.00022309	0.00214684	0.16458813	0.00292453	0.0	0.00296086	0.0012106																			18971.0	7	15
sub-P2	LF	0.00011905			0.0001144	0.00192602	0.17136347	0.00665432	0.0	0.13174324	0.63285034	0.0	0.0	0.01430434	8.443e-05	0.19078188	0.14433605										0.43908408	0.420131	0.52187684	0.42014204	0.06385872	0.2081482	0.75891237	0.19733179	0.63904142	110260.0		5
sub-P201	RNF		0.0222237		0.00034321	0.0	0.0	0.24265433	0.04004204	0.00686306	0.01052415	0.06993074	0.02659994	0.15490433	0.0	0.24540035	0.00686113																			83148.0		
sub-P202	LNF	0.07646374	0.01507194	0.0013998														0.18608213	0.18015539	0.34746609	0.18017414	0.166667	0.06418	0.82690731	0.01063736	0.58504237	0.53019577	0.49723504	0.51522557	0.49723962	0.38315233	0.41347362	0.81784844	0.30534176	0.74554782		1	
sub-P203	RF		0.03767606	0.01275224	0.0	0.0	0.0013277	0.00080461	0.00534916	0.0088568	0.03222655	0.06211625	0.14603543	0.38614673	0.0	0.01018022	0.00895333	0.16013319	0.16349755	0.30293632	0.16351044	0.111111	0.06596573	0.60339205	0.02950358	0.61683112										161820.0		
sub-P204	RF		0.01669107		0.0	0.0	0.0	0.00042949	9.472e-05	0.0	0.04224172	0.00819101	0.00173756	0.6382931	0.0	0.0127194	0.0																			59205.0	6	17
sub-P206	RF		0.24122118	1.0	0.0	0.0	0.0	0.00012685	0.00339622	4.793e-05	0.00641542	0.23462947	0.0592173	0.10837046	0.0	0.00199442	4.791e-05	0.61706992	0.59892691	0.81320432	0.59899458	1.0	0.42622762	0.93380345	1.0	0.56634718										86999.0	2	6
sub-P207	RNF		0.07021443		0.0	0.0	0.0	0.00100032	0.0233541	0.00016614	0.00030106	0.10888427	0.53894505	0.02133262	0.0	0.00108589	0.0001661																			21594.0		9
sub-P208	RNF	0.15349037		0.01052281														0.13422863	0.14328136	0.25685796	0.14328351	0.111111	0.06317561	0.68416338	0.01983114	0.70067298	0.45005244	0.45447335	0.5508038	0.45448027	0.19157617	0.24756899	0.75569527	0.23285355	0.70927852		6	27
sub-P209	RNF		0.01229473	1.136e-05	0.00028601	0.0	0.0	0.02102308	0.06674725	0.02229535	0.00139701	0.01816224	0.00125713	0.0212856	0.0	0.02140109	0.02228909	0.22856826	0.22480422	0.38520461	0.22485185	0.555556	0.11019982	0.85707918	0.01505782	0.74400539										44792.0	7	17
sub-P210	RNF	0.11360877	0.02384492	0.00185282	0.00632651	0.0	0.0	0.00175238	0.07114475	0.00144738	0.0	0.09625426	0.50090682	0.01212134	0.0	0.00175009	0.00144697	0.16386238	0.16118235	0.32187437	0.1611947	0.0	0.05057241	0.76082278	0.01158698	0.54286316	0.38450446	0.374216	0.43697726	0.37421724	0.0212859	0.23086589	0.78835589	0.18931894	0.68524352	124263.0	7	5
sub-P213	LF	0.00012198	0.00070539	0.00524369	0.0	0.0	0.12645479	0.03632693	0.0082673	0.33828999	0.30773879	0.0	0.0	0.07297223	0.0	0.1258203	0.34751556	0.11773585	0.12094819	0.25800951	0.12095285	0.0	0.02768911	0.52459113	0.01548682	0.68925843	0.63594651	0.57861951	0.71890994	0.578624	0.61730132	0.28640418	0.94015671	0.13819638	0.80476739	99305.0	3	5
sub-P214	Unclassified	0.00010876	0.00523021	0.01003078	0.00017161	0.00017388	0.00541249	0.0	0.00018041	0.13060579	0.0071345	0.0	0.0	0.00442207	2.91e-06	0.00207586	0.13096835	0.12133185	0.12855829	0.23741913	0.1285678	0.055556	0.05235448	0.60446577	0.02263079	0.71297281	0.35902814	0.35232249	0.42071607	0.35232654	0.02003427	0.20217802	0.78370633	0.16526151	0.72496348	48307.0	2	31
sub-P216	LNF	6.761e-05	0.00065341	0.00694517	0.30756206	0.35964229	0.07091253	0.05791179	0.01314288	0.03276887	0.02928308	0.0	0.0	0.0	0.09280524	0.06635695	0.03798536	0.17034406	0.17442895	0.37291725	0.17443507	0.111111	0.03942148	0.61324189	0.01603857	0.58989897	0.39175843	0.37245574	0.51902495	0.37245779	0.0	0.09255407	0.73161407	0.11357324	0.66066393	64783.0	7	16
sub-P218	LF	0.00012492	0.00835392		0.0	0.0	0.14068873	0.01051607	0.00056829	0.23351013	0.12002382	0.0	0.0	0.01550526	0.0	0.04542641	0.24381604										0.61934102	0.59091675	0.80796053	0.5909167	0.72373184	0.17212227	0.93714944	0.0943624	0.91318572	70300.0	1	1
sub-P219	RF	0.23031272	0.01462729	0.22589082	0.0	0.0	0.0	1.269e-05	0.0	0.0	0.00451375	0.17761609	0.03195676	0.09080699	0.0	0.0013266	0.0	0.44690344	0.53619711	0.69592079	0.53625542	1.0	0.40157479	0.87874034	0.24330221	0.7149612	0.57385073	0.54829457	0.58560314	0.54829732	0.47681213	0.42742641	0.86162634	0.27097011	0.76458888	17629.0	1	6
sub-P220	RNF		0.00652871																																	8786.0		10
sub-P221	LNF	0.32455387	0.05207409	0.01852647	0.01992907	0.01249508	0.30504886	0.00384907	0.00082989	0.11890856	0.0398982	0.0	0.0	0.01622509	0.02587402	0.01545222	0.14135907	0.12685905	0.15016217	0.22588005	0.15016789	0.166667	0.09317171	0.60773448	0.0462148	0.77153442	0.53744975	0.52382254	0.49419643	0.52383391	0.39734327	0.5148452	0.84424959	0.39062385	0.74739683	53851.0		1
sub-P222	LNF	0.1919405	0.22084312	0.00677902	0.33627731	0.00010968	0.00016746	0.00052553	0.0015831	0.00093297	0.00029456	0.0	0.0	0.0	0.00023874	0.00060991	0.00094548	0.10466149	0.10980586	0.21202449	0.1098102	0.0	0.03896773	0.60277204	0.01628857	0.75041942	0.43912777	0.40936858	0.43803853	0.4093742	0.12260875	0.31779651	0.80346243	0.24260458	0.67680641	58439.0	6	12
sub-P223	RF	0.00015579	0.01193164	0.02790203	0.0	0.0	0.0	3.262e-05	0.00481244	0.00241229	0.00494044	0.07044268	0.16863177	0.07645381	0.0	0.00147138	0.00241162	0.19349612	0.21955556	0.26967094	0.21957286	0.277778	0.17394773	0.83552853	0.03090909	0.63560562	0.41360776	0.40634998	0.48175093	0.40635889	0.06385872	0.23886037	0.78457975	0.19576073	0.67193814	112279.0		
sub-P225	RF	0.25908638	0.00614525	0.01338696	0.0	0.0	0.00595074	0.00065782	0.01348566	0.00715062	0.1102859	0.0	0.0	0.43051569	0.0	0.03274502	0.00758621	0.21192009	0.21331124	0.4325206	0.2133267	0.388889	0.06285288	0.67117527	0.02168249	0.66514182	0.53749345	0.51319523	0.5351366	0.51320057	0.36956524	0.42124132	0.83590028	0.29555664	0.72730162	29143.0	7	12
sub-P227	RF	0.00022486	0.01912817	0.00086173	0.0	0.0	0.00050237	0.00091153	0.00103285	0.0004569	0.10041585	0.0	0.0	0.9791123	0.0	0.03012803	0.00049191	0.24708102	0.23238966	0.46932585	0.23240451	0.611111	0.06964408	0.86249011	0.01049537	0.74348923	0.65762105	0.6094953	0.6876562	0.60950588	0.65987312	0.41527442	0.94786301	0.18111696	0.81572255	37952.0	6	13
sub-P23	RF	0.00013227			0.0	0.0	0.0	0.0	0.00082087	0.00802927	0.0	0.00037652	0.0	0.01226784	0.0	0.0	0.00802701										0.48654081	0.47346586	0.60644725	0.47347295	0.16132757	0.20468211	0.65217174	0.244048	0.6449516	49948.0	6	12
sub-P230	RNF	0.00010141	0.0152761	6.3e-06	0.0182931	0.0	0.0	0.00180131	0.28579225	0.02550642	0.0	0.0	0.00102092	0.00076504	0.0	0.00179896	0.02549925	0.19713651	0.19059369	0.38416182	0.19059388	0.166667	0.05758798	0.83267037	0.00996173	0.56115956	0.46827478	0.43987814	0.58006671	0.43988464	0.04347808	0.16301002	0.89024706	0.10191249	0.59345968	59088.0		17
sub-P231	RF		0.11837081		0.0	0.0	0.0	5.98e-05	0.00488461	0.0276663	0.00481915	0.00120553	0.0	0.07002056	0.0	0.00146233	0.02765853																			107306.0	1	13
sub-P232	LNF	0.00012786	0.01616538	0.01194803	0.0	0.0	0.00016746	0.02577099	0.0	7.029e-05	0.01240199	0.0	0.0	0.00890382	0.0	0.02934619	8.305e-05	0.18796892	0.1964134	0.38400853	0.19642913	0.166667	0.06674381	0.67018058	0.02382723	0.58079525	0.39171474	0.38042216	0.43553701	0.38043084	0.06255498	0.24886913	0.87749585	0.14022463	0.70244231	11133.0	2	18
sub-P234	RF	0.000291		0.02624511	0.0	0.0	0.00120211	0.00010692	0.0068195	0.01184101	0.01487546	0.02821274	0.01903713	0.04838952	0.0	0.00443586	0.01192712	0.33218646	0.33926236	0.61240311	0.33928752	0.944444	0.14696466	0.79489203	0.03576514	0.83791803	0.74139137	0.7001223	0.80717436	0.70014498	0.79468655	0.44884518	0.87851222	0.279557	0.84161804	233828.0	2	11
sub-P235	LF	0.00011611	0.01155506	1.85e-06	6.864e-05	0.0	0.09984091	1.087e-05	0.0	0.24739919	0.03404592	0.0	0.0	0.00014288	3.203e-05	0.0099178	0.25468588	0.11762486	0.11300577	0.25782345	0.1130106	0.0	0.01543977	0.76368218	0.0040317	0.68972797	0.35902814	0.34769229	0.43063433	0.34770192	0.0	0.17431646	0.8098709	0.13157243	0.71088685	52450.0	1	11
sub-P236	Unclassified		0.12407357	0.15139993														0.3109212	0.35946027	0.5895412	0.35950789	1.0	0.19264142	0.639711	0.47862661	0.929138											1	13
sub-P237	RNF	0.26319858	0.01396329	0.00601568	0.00061778	0.0	0.0	0.0	0.0848018	0.0	0.0	0.0	0.0	0.000378	0.0	0.0	0.0	0.19897891	0.19463692	0.39591639	0.19465544	0.111111	0.05656547	0.76054541	0.01314437	0.52727977	0.45735011	0.47305759	0.46763262	0.47306007	0.25903243	0.43014745	0.81122842	0.3323497	0.74752016	18615.0	2	7
sub-P238	RNF	9.406e-05	0.01922829	0.01351299	3.432e-05	0.0	0.0	0.00224166	0.09352012	0.0011726	0.0	0.0883473	0.12271444	0.01409997	0.0	0.00223874	0.00117227	0.19900111	0.19497259	0.38105926	0.19499368	0.166667	0.06633664	0.65576482	0.02368613	0.55735717	0.53015207	0.50265378	0.64844016	0.50266342	0.25543489	0.2097832	0.81140301	0.17313367	0.6579897	71665.0	6	13
sub-P24	LF	0.13620531	0.00612995		0.09082485	0.03210309	0.65125055	0.00945051	0.00249868	0.01832385	0.04345896	0.0	0.0	0.00039066	0.25170902	0.02208339	0.06632105										0.47181437	0.47359335	0.57900268	0.47359807	0.19157617	0.24978304	0.74487311	0.25201718	0.68170109	157082.0		
sub-P240	RNF	0.14823769	0.01954392	0.01954891														0.30075472	0.29903506	0.60311083	0.29905387	1.0	0.09012083	0.68048138	0.03218953	0.95171658	0.59202937	0.56690079	0.76548201	0.56690762	0.48958388	0.18085831	0.67913249	0.27328528	0.75419223	1875.0		17
sub-P241	Unclassified	0.12428904	0.03403514	0.05316975	0.0	0.0	0.00040668	0.00237033	0.02718781	0.00489488	0.01431882	0.34265831	0.49396857	0.14833001	0.0	0.00653344	0.00492545	0.50053274	0.47696436	0.74094107	0.47701446	1.0	0.28133278	0.88525906	0.04855705	0.65877186	0.90159063	0.86360115	1.0	0.86363551	0.97308534	0.54655295	1.0	0.21304564	0.85034086	258266.0		
sub-P243	RF	0.67523743	0.03102004	0.00811414	0.0	0.0	0.00157889	0.00885068	0.00791099	0.21343536	0.06724713	0.0149618	0.01117806	0.37386261	0.0	0.02840508	0.21349036	0.33775805	0.3456835	0.49838326	0.34569596	0.944444	0.22793846	0.84654335	0.04721742	0.82791234	1.0	1.0	0.97965492	1.0	0.96651044	0.92377651	0.99469765	0.40588828	0.77448886	258369.0	2	6
sub-P244	LNF	0.1409583	0.02322864	0.00480746	0.29823819	0.0002247	0.00295444	0.00012504	0.0042216	0.00106077	0.00090752	0.0	0.0	0.0	0.00374703	0.0003873	0.00127768	0.13425083	0.13546589	0.29090246	0.13547404	0.055556	0.02981544	0.58083174	0.01400259	0.66272974	0.32249607	0.32410562	0.37108212	0.3241026	0.02173955	0.21199356	0.71977339	0.22680148	0.79465597	61750.0	7	6
sub-P245	RF	0.26126006	0.01684759	0.00791429	0.0	0.0	0.0	0.00198615	0.00062693	0.0	0.12730344	0.0	0.0	0.85008383	0.0	0.03902509	0.0	0.21200888	0.21271379	0.46132429	0.21272618	0.388889	0.04399252	0.66617022	0.01559476	0.66494098	0.46818738	0.46288189	0.45151369	0.46289201	0.25543489	0.43078238	0.84689473	0.28158271	0.73038536	11376.0	7	10
sub-P246	RNF	0.08304356	0.00964515	0.00484733	0.06093124	0.0	0.0	0.00063426	0.29545321	0.03962554	0.0	0.00033028	0.00029226	0.00081026	0.0	0.00063344	0.0396144	0.14168701	0.14410071	0.30520828	0.1441097	0.0	0.0343533	0.73101816	0.00941602	0.60297472	0.32988114	0.32029084	0.41303339	0.32029202	0.0212859	0.13392261	0.67820183	0.1694375	0.77934302	72211.0	8	13
sub-P247	RNF	0.23939837	0.33282169	0.00933532	1.144e-05	0.0	0.0	0.00147874	0.07586698	0.0004569	0.0	0.0	0.00020819	0.00739905	0.0	0.00147681	0.00045677	0.15278579	0.15848212	0.31637653	0.158491	0.055556	0.04979093	0.62775345	0.01963173	0.60363112	0.43925887	0.4281858	0.48699972	0.42817999	0.10425933	0.28537095	0.79287082	0.29104845	0.6645933	52158.0	6	16
sub-P25	RF	0.16349899			0.0	0.0	0.0	0.0	0.00216943	0.00207361	0.0	0.00559499	3.203e-05	0.01068711	0.0	0.0	0.00207303										0.45363573	0.43019454	0.44169453	0.43019906	0.21286207	0.36435908	0.8146775	0.26697201	0.71940342	120867.0		12
sub-P250	LF	0.09760234	0.01054965	0.00537737	0.00181901	0.0	0.03870076	0.00053097	0.0	0.00304492	0.05353693	0.0	0.0	8.862e-05	0.00029988	0.01610737	0.00589648	0.18605993	0.18447599	0.39429414	0.18448378	0.055556	0.04175625	0.77987592	0.00938149	0.523564	0.52656878	0.50147822	0.62427538	0.50148498	0.25543489	0.24624633	0.86178842	0.1607402	0.66174764	13180.0		7
sub-P251	Unclassified		0.051902	0.0060237	0.0	0.0	0.0	0.37413514	0.00095166	0.0	0.00300412	0.018225	0.00525673	0.12223711	0.0	0.37451995	0.0	0.17866815	0.17772714	0.36604487	0.17774092	0.111111	0.04883439	0.77939816	0.01070788	0.56991845										75203.0		
sub-P252	LF	0.12305155	0.04622687	0.00778555	0.00012584	0.00098174	0.09560662	2.718e-05	0.00109599	0.42158924	0.03958198	0.0	0.0	0.00742437	5.241e-05	0.01154482	0.42851713	0.14162042	0.14716083	0.29457197	0.14716748	0.0	0.04573854	0.67034551	0.01505717	0.60317917	0.47552875	0.4422386	0.60509255	0.44224622	0.04257282	0.12813072	0.82607249	0.15553592	0.58532853	97591.0	7	14
sub-P253	RF	0.27094534	0.10000019	0.03031206														0.2008879	0.22934568	0.33732264	0.22934836	0.388889	0.14707661	0.63401131	0.07557194	0.69132724	0.51192973	0.48763495	0.47643428	0.48766117	0.29800771	0.45255341	0.82019141	0.33739528	0.70643365		1	15
sub-P254	RNF	0.00018812	0.08050241	0.01155587	0.00346642	0.0	0.0	0.02047218	0.42302124	0.00870024	0.00322937	0.56823144	0.56096086	0.06289462	0.0	0.0213848	0.00869779	0.16017758	0.17034236	0.32609583	0.17035821	0.111111	0.06220541	0.6478891	0.02322772	0.61670777	0.61020801	0.5808752	0.70095925	0.5808847	0.56763354	0.32138255	0.88380062	0.18981782	0.7936466	221987.0	6	24
sub-P255	LNF	7.495e-05		0.00301142	1.144e-05	0.15788052	0.03045345	0.00214743	0.00021198	0.0	0.00335066	0.0	0.0	0.0	0.0	0.00312012	0.00224552	0.11582686	0.11729307	0.24102216	0.11729564	0.0	0.0325733	0.76655244	0.007079	0.69744474	0.33709142	0.32813416	0.43479563	0.32813917	0.0	0.11819708	0.80728301	0.09442341	0.74954045	2521.0	8	9
sub-P257	LF	0.00031158	0.01635294	0.02078911	0.0	0.0019715	0.07704269	0.00094958	0.00341877	0.29768995	0.05012779	0.0	0.0	0.02314124	0.0	0.01553366	0.30328555	0.19713651	0.19768355	0.26142991	0.19771431	0.333333	0.14502606	0.83868674	0.02428043	0.66293124	0.53015207	0.45271334	0.37045702	0.45274818	0.29800771	0.53738993	0.90184685	0.26111815	0.68598467	84481.0		10
sub-P26	RF	0.43921054			0.0	0.0	0.00073562	0.05646386	0.00125385	0.00071251	0.11226121	0.0434784	0.0079952	0.64728373	0.0	0.08905386	0.00076661										0.49737808	0.556713	0.54538491	0.55670202	0.34782671	0.51428089	0.84803493	0.37588562	0.75991401	73322.0		
sub-P260	LNF	0.17213638	0.03383953	0.00382118	0.01979179	0.01840691	0.00383359	0.00978214	0.10237375	1.0	0.00082738	0.0	0.0	6.33e-05	0.00032317	0.0100101	1.0	0.15462819	0.15356895	0.34828439	0.15357101	0.0	0.02227928	0.62291567	0.00948561	0.56608842	0.48645342	0.47939805	0.57181249	0.47940895	0.20851865	0.27615574	0.77193181	0.25803571	0.67553994	53407.0		
sub-P261	LNF		0.00711122																																		7	10
sub-P262	RNF	0.26814116	0.02156942	0.02873673	0.0	0.0	0.0	0.00297197	0.10478222	0.00106716	0.0	0.21646723	0.43480733	0.02038672	0.0	0.0029681	0.00106686	0.28781354	0.30048409	0.5233211	0.30050681	0.888889	0.14204569	0.76071488	0.03826727	0.87912077	0.61020801	0.59597161	0.65241517	0.59598079	0.55529297	0.4386651	0.87173831	0.27898482	0.7841186	98848.0	7	24
sub-P263	RF	0.00029982	0.00851223	0.01956533														0.23602664	0.2551522	0.46826508	0.2551652	0.722222	0.10574239	0.76274137	0.02771702	0.85878902	0.42090544	0.42654913	0.44479505	0.42655895	0.14596265	0.35010582	0.87704354	0.19773108	0.71754472		8	14
sub-P264	RNF		1.0	5.8e-06	0.05285436	0.0	0.0	0.00591133	0.76776251	0.03231836	7.147e-05	0.16458974	0.215558	0.01494459	0.0	0.00592353	0.03230927	0.18972253	0.18109527	0.36302751	0.18111071	0.055556	0.05595632	0.82671159	0.00945585	0.51624439										129909.0	7	19
sub-P265	LNF	0.00017342	0.01105243	0.01335857	0.28031118	0.40699307	0.5166262	0.06659575	0.01123955	0.02436897	0.06575915	0.0	0.0	0.00053716	0.61622199	0.08564236	0.06244011	0.14357381	0.14555989	0.23287072	0.14556373	0.055556	0.08165493	0.75969642	0.01814136	0.63136067	0.51931481	0.50423762	0.58236011	0.5042438	0.34057951	0.32159644	0.92019668	0.15743647	0.72768428	201893.0		
sub-P266	Unclassified	0.00020723	0.02250923	0.00893748	0.2153987	0.39385866	0.7314271	0.05188267	0.00933172	0.01216052	0.33863981	0.0	0.0	0.00283048	0.67039235	0.15034694	0.06606871	0.16568257	0.17187537	0.343135	0.17187726	0.166667	0.0539852	0.73275656	0.01405341	0.63622119	0.50100507	0.48946054	0.53295146	0.48946284	0.27508396	0.36494263	0.91556999	0.1769452	0.70338773	137271.0	7	3
sub-P267	LF	6.026e-05	0.12943551	0.0027638	0.00033177	0.01190658	0.35373731	0.00010873	0.0038247	0.27072337	0.02754603	0.0	0.0	0.01342536	0.00050659	0.00812246	0.29671828	0.11391787	0.11085707	0.24137286	0.11086425	0.0	0.02233499	0.60111308	0.01021919	0.7058659	0.28434714	0.27499926	0.35117698	0.27500297	0.0	0.12061458	0.8331549	0.08290265	0.86467981	158086.0	7	17
sub-P268	Unclassified		0.05883353	0.01433966	2.288e-05	0.0	0.0118058	2.356e-05	0.0	0.00080197	0.0089582	0.0	0.0	2.17e-05	0.0	0.00263147	0.00167376	0.13891232	0.15047588	0.26202073	0.15049028	0.111111	0.07116265	0.62399681	0.02992797	0.68352982										8847.0		9
sub-P269	RNF	0.18475222	0.00189489	0.02361006	0.0	0.0	0.0	9.06e-06	0.00884461	9.59e-06	0.0	0.0	0.00930838	0.00030204	0.0	9.05e-06	9.58e-06	0.28597114	0.30028758	0.57774627	0.30031392	1.0	0.10786019	0.70543791	0.03495355	0.98700122	0.70870477	0.67483697	0.87384312	0.6748472	0.85144929	0.27629083	0.81247016	0.2466089	0.92403346	25968.0	6	19
sub-P27	RNF	0.00018518			0.01875072	0.0	0.0	0.06977431	0.73244271	0.01635248	2.17e-06	0.51607651	0.04053248	0.03393868	0.0	0.06968339	0.01634789										0.76699878	0.73169341	0.95601525	0.73170718	1.0	0.28562004	0.86151042	0.19754444	1.0	150506.0		6
sub-P270	RNF	0.00022486	0.01666386	0.01724974	0.00133852	0.0	0.0	0.0	0.16690646	0.0	0.0	0.0	0.0	0.0	0.0	0.0	0.0	0.2600444	0.27283724	0.5353327	0.27285563	0.944444	0.09152619	0.73664185	0.02524311	1.0	0.79964167	0.75789616	0.95047794	0.75792379	0.93659493	0.36074398	0.98068557	0.15389425	0.90750246	24064.0	2	10
sub-P271	LNF	0.18098246	0.01457952	0.01642838	1.0	0.00039323	0.00408478	0.00042224	0.0091468	0.0049492	0.0013472	0.0	0.0	0.0	0.01738424	0.00081261	0.00524806	0.36572697	0.36538669	0.78284539	0.36540379	1.0	0.08153677	0.74202707	0.02156576	0.82633832	0.57385073	0.58741449	0.69185187	0.58742204	0.44701105	0.35273599	0.81918741	0.26784905	0.74261094	121177.0		8
sub-P272	LNF		0.05155238		0.00025169	0.05483285	0.03462196	0.53943844	0.00630985	0.03772446	0.192859	0.0	0.0	0.00272016	3.785e-05	0.59485071	0.04026601																			116642.0		4
sub-P273	RNF	0.00018224	0.04200089	0.00430617														0.12685905	0.12599885	0.26256776	0.12600726	0.0	0.03271484	0.73988953	0.00812002	0.65308956	0.49746548	0.44841862	0.47480574	0.44843792	0.14596265	0.35629869	0.90329497	0.17422197	0.62358762	1356.0	1	11
sub-P274	LNF	0.32521083		0.02151443	0.57487702	0.23040604	0.12208892	0.11085821	0.02169883	0.03752316	0.05749188	0.0	0.0	0.0001266	0.29865899	0.1274419	0.04651066	0.17498335	0.17277172	0.25979074	0.17278706	0.222222	0.1072623	0.73540498	0.02909804	0.64655307	0.48287013	0.49265305	0.49889087	0.49266113	0.28047772	0.42856935	0.77348592	0.40570242	0.72934749	60499.0		0
sub-P275	RF	0.09553889	0.00343953	0.0125277	0.0	0.0	0.0	0.0	0.00743741	0.00629114	0.0	0.0	0.0	0.00712595	0.0	0.0	0.00628937	0.17864595	0.18583436	0.36384753	0.18584656	0.111111	0.06282396	0.62884971	0.02553979	0.56996974	0.51564412	0.51978921	0.61323463	0.51980282	0.40443823	0.31044494	0.84762001	0.20624316	0.77924405	54537.0	4	19
sub-P276	LNF	0.00013815	0.0127634	0.01173325	0.03631163	0.0177435	0.02359963	0.01107422	0.00132601	0.00132916	0.01183886	0.0	0.0	0.0	0.00364513	0.01450568	0.00306643	0.14170921	0.15232033	0.28278132	0.15232407	0.166667	0.06111073	0.57302432	0.03093241	0.71225022	0.48287013	0.46918973	0.57356798	0.46920022	0.17769379	0.24754381	0.81828149	0.18710931	0.65954703	9672.0	3	11
sub-P278	RF	0.33112634	0.03628325	0.61405272	0.0	0.0	0.00177027	0.00014316	0.00915582	0.08231516	0.02277669	0.00012881	8.01e-06	0.26267795	0.0	0.00677053	0.08242299	0.77631521	1.0	0.89455711	1.0	1.0	1.0	0.81461054	0.79317212	0.47981436	0.6103828	0.54692229	0.49863571	0.54694137	0.54825012	0.56586452	0.88400571	0.34028062	0.77854538	141068.0	5	10
sub-P279	LF	0.28477221	3.466e-05	0.01789903	0.00084659	0.00094696	0.07596617	0.00023558	4.51e-06	0.07259569	0.03192116	0.0	0.0	0.00021884	0.00027368	0.00952326	0.07817152	0.36082131	0.36197259	0.76447536	0.36200122	1.0	0.08765678	0.70149022	0.02742799	0.83443703	0.6103828	0.62083739	0.69521257	0.62085708	0.52173904	0.43155239	0.82204942	0.33660056	0.75860429	53311.0	1	6
sub-P280	RF	0.17869121	0.01053001	0.01322094	0.0	0.0	0.0	0.00115617	0.05380733	0.00668094	0.0	0.06283957	0.21385247	0.01027475	0.0	0.00115466	0.00667906	0.24430633	0.24718683	0.51285308	0.24720054	0.722222	0.06558555	0.65082259	0.02456972	0.83766837	0.48658451	0.46395602	0.49899273	0.46396332	0.22211698	0.35602298	0.86230402	0.21566973	0.68443678	185447.0	1	9
sub-P281	RF	0.10020223	0.00872153	0.00446528	0.0	0.0	0.0	0.0	0.00071713	0.00011502	0.0	0.00469001	0.0	0.00837389	0.0	0.0	0.00011499	0.19536071	0.195523	0.44760768	0.19553299	0.111111	0.02576744	0.65019653	0.00945983	0.53431485	0.42090544	0.40857783	0.49398229	0.40858362	0.08514462	0.22452237	0.69871385	0.2602387	0.67607991	40773.0	5	20
sub-P283	RF	0.18680392	0.01496008	0.00744868	0.0	0.0	0.0084686	0.00057265	0.00737427	0.00722091	0.10449209	0.0	0.0	0.1574382	0.0	0.03097502	0.00784494	0.17493896	0.17434634	0.35178915	0.17435584	0.055556	0.05244504	0.72967794	0.0137841	0.54739588	0.52652508	0.48940666	0.56235788	0.48942218	0.23414899	0.31682611	0.81560586	0.25196223	0.64814943	10875.0	8	18
sub-P284	RNF	8.671e-05	0.08916657	0.02305532	0.00064066	0.0	0.0	0.38550293	0.08619998	0.00121094	2.599e-05	0.03366571	0.00386748	0.03710375	0.0	0.38500784	0.0012106	0.18421754	0.21345463	0.35524134	0.21347041	0.388889	0.11118215	0.68649362	0.03975531	0.73596332	0.39180213	0.37439527	0.49351827	0.37440022	0.0	0.13906362	0.878223	0.09004706	0.66060183	51633.0	7	17
sub-P285	RF	0.14064966	0.01105058	0.00080519	0.0	0.0	0.00272119	0.19965496	0.00560625	0.0033197	0.11173273	0.00055487	0.00040837	0.56032186	0.0	0.23190454	0.00351681	0.15098779	0.14614009	0.3346304	0.14614676	0.0	0.01921314	0.62761806	0.00830155	0.57591281	0.36990911	0.36958135	0.43020844	0.36959184	0.08514462	0.23022052	0.73707592	0.2275607	0.75353335	109768.0	1	15
sub-P286	LF	0.29167977	0.13906642	0.03849285	0.00690996	0.05197056	0.61144935	0.00677574	0.00043749	0.00932647	0.3905588	0.0	0.0	0.00626324	0.01797526	0.12040533	0.05439074	0.25449501	0.26838729	0.38988801	0.26841595	0.666667	0.17513717	0.77999206	0.04635618	0.76935944	0.63581542	0.62654877	0.6917204	0.62657178	0.59971718	0.45165588	0.83155419	0.33848231	0.7911727	146218.0	1	2
sub-P287	LF		0.01767237		5.72e-05	1.873e-05	0.13065321	0.04763855	0.0007487	0.14221676	0.46570934	0.0	0.0	0.06503421	3.203e-05	0.1830793	0.15180728																			96878.0		
sub-P288	LNF	0.22754529	0.01483164	0.00217672														0.13704772	0.13350489	0.25552388	0.13351675	0.0	0.04878548	0.71584247	0.01324894	0.61764835	0.61392239	0.57299577	0.61292126	0.5730094	0.5747285	0.44515496	0.8720934	0.2707824	0.79511462		8	
sub-P289	LNF	0.09490986	0.00923644	0.01712482	3.432e-05	0.01611441	0.00368408	0.26819518	0.01989022	0.02706563	0.06957765	0.0	0.0	8.862e-05	0.0	0.28809032	0.02732953										0.41033036	0.41183372	0.44182487	0.41184056	0.14023886	0.31783643	0.77640863	0.29392901	0.72894791	42152.0	7	14
sub-P291	RF			0.04645368														0.45988901	0.41901948	0.58314327	0.41904993	1.0	0.28934941	0.84897626	0.06469728	0.70032344												2
sub-P292	RF	0.20664919	0.01282771	0.00857124	0.0	0.0	0.00230255	0.00040955	0.00208825	0.00194901	0.07377951	0.0	0.0	0.23168189	0.0	0.02187526	0.00211775	0.23416204	0.23737714	0.51810545	0.23739061	0.722222	0.04704373	0.704942	0.01418144	0.86372314	0.51922741	0.51867119	0.60561165	0.51867129	0.31929361	0.32006316	0.75883226	0.30856387	0.71278175	21080.0	3	13
sub-P293	LF		0.01863903		0.0	0.06653612	0.53587192	0.00027183	0.0	0.0	0.13167641	0.0	0.0	0.00125337	0.0	0.03858349	0.03949621																			27613.0		
sub-P294	Unclassified		0.13971996	0.00775592	0.0	0.0	0.0	0.01845885	0.04908058	0.00069653	0.00508339	0.14326669	0.40446001	0.05690629	0.0	0.01991342	0.00069633	0.20734739	0.21032141	0.445021	0.21032848	0.277778	0.05041661	0.74721382	0.01322311	0.60464667										85407.0		
sub-P295	LNF	0.11400265	0.17153422	7.16e-06	0.3202494	0.34675665	0.09345358	0.07710639	0.0185597	0.22101412	0.03184535	0.0	0.0	0.0	0.12735245	0.08627036	0.22784187	0.17309656	0.17171876	0.36080641	0.17173191	0.0	0.04274104	0.82047517	0.00777889	0.52178899	0.53404125	0.49096996	0.52132776	0.49099005	0.31929361	0.38771538	0.91510157	0.18181072	0.69613964	119745.0	7	5
sub-P296	Unclassified	0.10270071	0.01121056	6.17e-06	0.00027457	0.00265898	0.05014174	0.22444013	4.51e-05	0.00677999	0.58695906	0.0	0.0	0.03606561	5.823e-05	0.39492925	0.01047376	0.156404	0.15164485	0.32630833	0.15165252	0.0	0.03296374	0.80297406	0.00672822	0.56143852	0.35173047	0.35156542	0.40331672	0.35157193	0.05473561	0.22865798	0.8021262	0.25987231	0.76305513	104809.0	6	10
sub-P298	Unclassified	0.26296784	0.00721556	0.01784188	0.00021737	0.00201698	0.09382438	0.21085604	0.00178606	0.13331523	0.41961447	0.0	0.0	0.04283526	8.734e-05	0.33267335	0.14019318	0.19158713	0.19216771	0.34658516	0.19219162	0.222222	0.08342986	0.69047828	0.02675393	0.60557794	0.49921342	0.46968046	0.50171679	0.46969131	0.21286207	0.3660166	0.84095626	0.25651666	0.66382614	208625.0	6	11
sub-P299	LF		0.00858151		0.00034321	0.01766593	0.15625635	7.792e-05	0.0	0.0	0.21703271	0.0	0.0	0.00331881	0.00022709	0.06322777	0.01151826																			13275.0		
sub-P30	RNF	0.18005655			0.0	0.0	0.0	0.00034613	0.00311208	0.0	0.0	0.0	0.0	4.16e-05	0.0	0.00034568	0.0										0.49729068	0.49925572	0.57272084	0.49927354	0.32608716	0.32475899	0.80198138	0.26225173	0.74402622	4639.0		
sub-P300	LNF	0.38271846	0.01474373	0.00576411	0.01058231	0.02489654	0.01150676	0.45381119	0.22789412	0.40985366	0.10775828	0.0	0.0	0.01166557	0.00051824	0.48457493	0.41058492	0.17866815	0.16968075	0.34245651	0.16969103	0.055556	0.0509909	0.66863639	0.01782415	0.53912005	0.59574375	0.60041727	0.56249913	0.60042086	0.51086978	0.59658856	0.91803665	0.35516242	0.76603532	192144.0		7
sub-P301	LF		0.19767542		4.576e-05	2.68e-06	0.2569226	0.01963495	0.0	0.00011502	0.70394629	0.0	0.0	0.03148981	5.532e-05	0.22443181	0.01905017																			48885.0		4
sub-P302	RF			0.02265711	0.0	0.0	0.00191979	0.10925987	0.00375704	0.00219503	0.08892571	0.00663208	0.00234211	0.40595288	0.0	0.13499064	0.00233815	0.19160932	0.21367824	0.36072655	0.21367751	0.111111	0.10811575	0.62815108	0.05325286	0.5418495										81219.0		
sub-P304	LNF	0.0001455	0.01660067	0.00365145	0.06285322	4.815e-05	0.0	7.25e-06	0.04467407	0.52540098	0.0	0.0	0.0	0.0	0.0	7.24e-06	0.5252533	0.13982242	0.13942193	0.31197489	0.1394285	0.0	0.02285691	0.59516516	0.01024375	0.60877167	0.36261143	0.34772475	0.39148666	0.34772538	0.0212859	0.23827334	0.86522183	0.13354502	0.71982367	13917.0	8	17
sub-P305	RF	0.17835171		0.00740992	0.0	0.0	0.0	0.00051466	0.0	0.0	0.03554256	0.00096443	0.00014413	0.47418472	0.0	0.01085528	0.0	0.15647059	0.16356818	0.34279158	0.16357874	0.111111	0.04126592	0.50639798	0.02510038	0.6272256	0.42090544	0.40160487	0.42752628	0.40160681	0.12020459	0.31536734	0.81322909	0.23139604	0.69968153	9594.0		
sub-P309	RF	0.67031836	0.06131333	0.03844903	0.0	0.0	0.0	0.00088797	0.036727	0.00045051	0.01925926	0.29927569	0.75501151	0.34767204	0.0	0.00649	0.00045038	0.23047725	0.19773582	0.16995177	0.19777005	0.5625	0.20205234	0.83207661	0.04643339	0.74470285	0.67925188	0.6926393	0.56744722	0.6926286	0.68116004	0.82111933	0.93216508	0.46734888	0.81056236	161912.0	3	13
sub-P311	RF	0.17302554	0.01577606	0.01424313	0.0	0.0	0.00208127	0.00159653	0.00821768	0.02683239	0.0553238	0.00528122	0.00036032	0.37972614	0.0	0.01769096	0.02697816	0.19158713	0.19378256	0.3742373	0.19379974	0.166667	0.06873059	0.6469263	0.02650543	0.57285251	0.4609334	0.46468703	0.55598347	0.46469603	0.14256843	0.26487856	0.77349139	0.23861035	0.66263299	187169.0		
sub-P312	LF	0.12362326	0.01659836	0.00768112	0.0001144	2.68e-06	0.14699831	0.03147935	0.00168232	0.17347754	0.68710851	0.0	0.0	0.05442125	6.987e-05	0.2313616	0.18426348	0.150899	0.15290939	0.31315963	0.15291749	0.055556	0.04311749	0.65634484	0.01501896	0.60907248	0.52691837	0.514766	0.63577902	0.51477391	0.33362964	0.26099124	0.79603716	0.21743932	0.71398166	144496.0	5	3
sub-P313	LNF	9.847e-05	0.01202635	0.01423561	0.00316897	0.0	0.0	0.03372102	0.00264752	0.39357147	0.03249513	0.0	0.0	0.03501299	0.0	0.04313156	0.39346085	0.13058824	0.13043437	0.28709325	0.13044421	0.055556	0.02435322	0.51407867	0.05443293	0.6761029	0.37720678	0.36339191	0.44182938	0.36339544	0.07430805	0.19564825	0.726566	0.47393196	0.73345062	26379.0		4
sub-P314	LF	0.00014109	0.01356276	0.01546432	0.00062922	0.00744462	0.39780271	2.718e-05	0.00021649	0.12751294	0.0116201	0.0	0.0	2.17e-05	0.00105685	0.00340789	0.15679661	0.23049945	0.23984331	0.47193748	0.23985334	0.555556	0.0796227	0.66126151	0.02926788	0.73949778	0.60116238	0.5818332	0.76894131	0.5818434	0.5534426	0.21287656	0.86324244	0.14530386	0.79257828	83919.0		16
sub-P315	RNF	0.09569615		0.00427173	0.00010296	0.0	0.0	0.00052191	0.01797336	0.0	0.0	0.0	0.0	0.01682555	0.0	0.00052123	0.0	0.17682575	0.17597639	0.3944894	0.1759809	0.0	0.02840202	0.67218164	0.01017972	0.51381757	0.45000874	0.43013409	0.54505436	0.43014276	0.06385872	0.19556085	0.7581287	0.18924211	0.62598742	19848.0	8	24
sub-P316	LF	0.00011611	0.00876959	0.01081042	0.00630363	0.03013693	0.81141825	0.00048929	9.472e-05	0.1268867	0.03024691	0.0	0.0	0.00144689	0.02178344	0.00928979	0.18665913	0.21380688	0.21719746	0.44207976	0.21720958	0.333333	0.06295257	0.74006821	0.0161212	0.62518229	0.59937074	0.56868581	0.7245584	0.56869835	0.53215568	0.25213299	0.93873836	0.12650998	0.778185	102317.0		
sub-P317	Unclassified		0.02468019	0.00643636	0.00020593	0.00902022	0.09724531	0.44826955	0.00796962	0.05828807	0.42831059	0.0	0.0	0.0375758	8.734e-05	0.57230763	0.06543946	0.18048835	0.17832686	0.37229881	0.17834035	0.055556	0.04587495	0.69132522	0.01427248	0.53518757										168287.0	8	4
sub-P318	RNF		0.02055141	0.01899134	0.02625558	0.0	0.0	4.168e-05	0.0053221	0.00263595	0.0	0.0	0.0	0.00026225	0.0	4.163e-05	0.00263521	0.23334073	0.23818103	0.4397803	0.23819823	0.555556	0.09705238	0.70780704	0.03046462	0.73298356										21571.0		10
sub-P319	RF		0.0067423		0.0	0.0	0.00304415	0.00520639	0.00549349	0.00322065	0.13813948	0.0	0.0	0.66418163	0.0	0.04539383	0.00344654																			78806.0		
sub-P32	LF	0.29355216			0.00404988	0.0276973	0.61649702	0.00043311	0.00120875	0.2094415	0.04622482	0.0	0.0	0.0074515	0.01063551	0.0138813	0.25482323										0.62856144	0.59480644	0.59986999	0.59482737	0.58695668	0.52146115	0.90475474	0.28702864	0.78891949	181640.0		
sub-P320	Unclassified	0.30960268	0.00767663	0.00490115	0.0	0.0	0.0	0.00123409	0.00037886	0.0	0.04764999	1.0	0.22197578	0.71614316	0.0	0.01509749	0.0	0.20281909	0.19087705	0.38447548	0.1908966	0.166667	0.05783388	0.76072822	0.0141451	0.5497597	0.43545709	0.43344386	0.47864088	0.43344974	0.14900334	0.31227152	0.72445069	0.45544894	0.69943179	94203.0	4	23
sub-P321	LNF	0.12440367	0.00674185	0.00260901	0.65815124	0.05245742	0.30236953	0.08695014	0.02245655	0.02438814	0.04557505	0.0	0.0	0.0	0.84679974	0.10009737	0.04666718	0.10839068	0.10898831	0.2457215	0.10899439	0.0	0.01671857	0.67202165	0.00562439	0.73168221	0.30069044	0.28662651	0.39275053	0.28662864	0.0212859	0.08210811	0.67025003	0.2090691	0.84240448	74626.0		
sub-P322	LNF	7.789e-05	0.08695146	0.0045491	0.48723258	0.18830636	0.48232121	0.10179007	0.01958803	0.02294715	0.12793156	0.0	0.0	0.00032374	1.0	0.13888175	0.05849208	0.11207547	0.1162457	0.22296558	0.11625088	0.0	0.04218274	0.75565018	0.00908336	0.71422731	0.27897221	0.27235882	0.35538745	0.27236301	0.0	0.10708487	0.77678055	0.09494247	0.87864968	46841.0	8	13
sub-P323	RF		0.00849838	8.76e-06	0.0	0.0	0.00277502	0.00108368	0.01181687	0.00476069	0.13206628	0.0	0.0	0.38823749	0.0	0.03950831	0.00496378	0.15644839	0.15509674	0.30367509	0.155107	0.0	0.05242691	0.80617185	0.00933437	0.56132344										52658.0	6	17
sub-P324	RF	0.06051757	0.06252292	0.00080692	0.0	0.0	0.0	0.0	0.00091558	0.00070292	0.0	0.0	0.0	0.00622706	0.0	0.0	0.00070272	0.13984462	0.14285187	0.27504043	0.14285894	0.0	0.05118836	0.72309323	0.01407171	0.60870167	0.42457612	0.40610052	0.50907733	0.40610318	0.06521764	0.19364441	0.75666547	0.179851	0.6582049	30598.0	6	
sub-P326	LNF	0.103293	0.02534437	0.00132067														0.16390677	0.15579513	0.24204985	0.15580315	0.111111	0.09187578	0.80604182	0.01839584	0.60654158	0.35527006	0.34545453	0.40546184	0.34546155	0.04257282	0.20974492	0.76435178	0.18413195	0.74771155	1980.0		21
sub-P327	RNF	0.07764684	0.03416795	0.03704183	0.0001144	0.0	0.0	0.24945363	0.01265577	0.00099687	0.00259476	0.00429698	0.00054049	0.01317758	0.0	0.24988327	0.00099659	0.34326304	0.33974852	0.46534311	0.33978258	0.888889	0.23926599	0.89714913	0.03517582	0.77408081	0.60688691	0.58277001	0.66778682	0.582781	0.54347859	0.38028705	0.85428491	0.25362353	0.7786645	38361.0		
sub-P328	LNF	9.553e-05	0.05176464	0.00082223	0.0	0.06591552	0.03138045	0.19487625	0.00081185	0.00059429	0.11766948	0.0	0.0	3.62e-06	0.0	0.22885862	0.00290672	0.12685905	0.12351059	0.27260244	0.12351448	0.0	0.02259442	0.77531784	0.00523153	0.65308956	0.31349414	0.30364557	0.37380028	0.30364996	0.0	0.1559538	0.77291424	0.13365717	0.7966435	40463.0		
sub-P329	RF		0.01573443																																			
sub-P33	RNF		0.00097505		0.00220799	0.0	0.0	0.0651442	0.15476937	0.00547319	0.00047433	0.41891396	0.26991893	0.02762661	0.0	0.06519685	0.00547165																			156831.0		
sub-P330	RNF	0.10242882	0.37981637	0.00116847	0.03469855	0.0	0.0	0.00062339	0.31752189	0.01689884	0.0	0.00080919	0.0	0.00617461	0.0	0.00062258	0.01689409	0.10466149	0.1004549	0.23214909	0.10046036	0.0	0.01188203	0.65635707	0.0042253	0.75041942	0.35894074	0.3513709	0.44194166	0.35137957	0.04347808	0.16514547	0.76633218	0.15137967	0.74194215	37404.0	6	24
sub-P331	RF	0.12630546	0.01023317	0.01387208	0.0	0.0	0.0	0.0	0.00288656	0.01125631	0.0	0.0	0.0	0.00210342	0.0	0.0	0.01125315	0.15647059	0.16283007	0.29437157	0.1628449	0.166667	0.07025809	0.663132	0.02499731	0.66305787	0.38083377	0.36988802	0.42063993	0.3698929	0.0589462	0.24660637	0.76607891	0.44884243	0.71672289	48325.0	8	9
sub-P332	RF	0.22670168	0.10847112	3.33e-06	0.0	0.0	0.00193175	0.00056178	0.0074329	0.00446993	0.05892788	0.00303199	0.00423982	0.38358392	0.0	0.01770725	0.00460922	0.29520533	0.28595667	0.66828696	0.28596595	1.0	0.02918763	0.8927028	0.00463988	0.9646046	0.59574375	0.57490527	0.69145082	0.57490491	0.51086978	0.3218394	0.83299684	0.24968766	0.76603532	148818.0		12
sub-P333	Unclassified	0.00011611	0.02257049	0.00151842	0.18494451	0.01518884	0.31132854	0.02684018	0.00673832	0.1114608	0.05823045	0.0	0.0	0.00100559	0.24501269	0.04374871	0.13437656	0.13611543	0.13487247	0.28112748	0.13487953	0.0	0.03497651	0.6597455	0.01232777	0.62070087	0.32258346	0.32235721	0.37142735	0.32236583	0.0	0.2070204	0.75667525	0.18555233	0.77775011	142500.0		
sub-P334	RNF	0.34317783		0.01936376	0.00040041	0.0	0.0	0.02447166	0.06693217	0.0018883	0.00432099	0.55960115	0.2960024	0.08454194	0.0	0.02569759	0.00188777	0.15647059	0.18294323	0.30499696	0.1829538	0.277778	0.09495717	0.62334312	0.04494092	0.74097974	0.55571578	0.55706885	0.62267494	0.55707659	0.42572515	0.38906935	0.81769024	0.383799	0.74718012	177602.0		8
sub-P336	LNF	9.994e-05	0.00905259	0.00405547	4.576e-05	1.0	0.2121754	0.07032703	0.00027964	0.00316634	0.018577	0.0	0.0	0.0	3.785e-05	0.07564131	0.01880422	0.13054384	0.12907219	0.2871062	0.1290798	0.0	0.0222245	0.23035836	0.01872926	0.63972237	0.30798811	0.30707115	0.3752754	0.30707737	0.0	0.16218678	0.76601046	0.14091451	0.808587	22521.0		
sub-P337	Unclassified	0.00017783	0.00963703	0.0053201	0.20085803	0.16614102	0.37928065	0.05526057	0.00784784	0.12133683	0.16954299	0.0	0.0	0.01273266	0.32416325	0.10452056	0.14925831	0.14630411	0.14546901	0.30459006	0.14547521	0.0	0.0368684	0.66635893	0.01247779	0.5891703	0.42108023	0.39670315	0.44260577	0.39671475	0.10643154	0.27839967	0.843371	0.18082863	0.69007223	304260.0		7
sub-P338	RF	0.23912206	0.01561193	7.78e-06	0.01360256	0.00585297	0.00299032	0.01561554	0.03715998	0.10999425	0.01055447	0.00197179	0.00192974	0.01218826	0.00017178	0.01866645	0.11018373	0.15465039	0.15293161	0.3433127	0.15293934	0.0	0.02438188	0.66129821	0.00777958	0.56602955	0.44638175	0.47178521	0.49931224	0.47178466	0.28608707	0.37524859	0.81243578	0.29229991	0.78338657	197594.0		15
sub-P339	LNF		0.01894691		0.40560577	0.00412223	0.00284081	0.00517739	0.13518133	0.12784523	0.02232619	0.0	0.0	0.0	0.00490287	0.01166789	0.12801692																			88694.0		
sub-P340	LF			0.07056256														0.32073252	0.34409489	0.60111999	0.34412336	1.0	0.16151193	0.7124836	0.14465833	0.90852216												
sub-P341	RNF			0.01050515	0.00052626	0.0	0.0	0.00065601	0.04414186	0.0008435	0.00035521	0.22828144	0.67862276	0.03635861	0.0	0.00075831	0.00084327	0.17869034	0.18031757	0.37421075	0.18033151	0.166667	0.04778403	0.62416545	0.01925069	0.60242265										112904.0		
sub-P342	RNF			0.0043674	0.0	0.0	0.0	0.04825832	0.00790197	0.0	0.0	0.19582457	0.02294465	0.06796055	0.0	0.04819543	0.0	0.0972919	0.10023446	0.21008953	0.10024125	0.0	0.02527078	0.5285626	0.01401068	0.79105404										26089.0		
sub-P343	RF	0.15318615	0.03037846	0.00817771														0.16388457	0.16858797	0.31678172	0.16860419	0.055556	0.06527208	0.77306965	0.01396514	0.5738203	0.53377906	0.53838716	0.65469552	0.53839513	0.36186643	0.28970407	0.82028863	0.2197784	0.72605755			6
sub-P344	Unclassified	0.00012198	0.01211329	0.01038776	4.576e-05	0.00085869	0.1137818	0.00525894	0.0	2.876e-05	0.17805501	0.0	0.0	0.00399162	2.329e-05	0.05705811	0.0084167	0.17496115	0.18795917	0.38029727	0.18796613	0.166667	0.05589208	0.58065622	0.02667917	0.611669	0.51918371	0.50815644	0.662566	0.50816385	0.27672079	0.20061384	0.82049617	0.15546223	0.68374106	30956.0	6	7
sub-P345	RNF	9.406e-05	0.00691001	0.0046123	4.576e-05	0.0	0.0	0.00350657	0.08959169	0.00047287	0.0	0.01287111	0.00414773	0.00364798	0.0	0.003502	0.00047274	0.13706992	0.13743383	0.29395696	0.13744006	0.0	0.03097782	0.67176147	0.01027891	0.61757609	0.36261143	0.34042905	0.42895173	0.34043265	0.0	0.1587426	0.85470947	0.10526774	0.70498271	50273.0	6	10
sub-P346	LNF	0.06238261	0.02378882	0.00606357	0.10607482	0.23131823	0.05762353	0.06363827	0.05142592	0.13676912	0.03777128	0.0	0.0	0.0	0.02600794	0.07454456	0.14097896	0.12315205	0.12037976	0.26895991	0.12038403	0.055556	0.01998762	0.46679067	0.02452153	0.70534658	0.3280021	0.30704136	0.41034884	0.30704297	0.0212859	0.10488474	0.71595569	0.12919595	0.78309051	138090.0	6	10
sub-P347	LNF	0.10793282	0.00858781	0.00366194	0.35217938	0.04696022	0.11765128	0.01982342	0.09317283	0.21626622	0.01126272	0.01246156	0.00259834	0.00178691	0.17631423	0.02307517	0.22487766	0.10279689	0.10412496	0.22860697	0.10413178	0.0	0.01980077	0.47141802	0.01317039	0.76022564	0.41356406	0.40860234	0.51852266	0.40860551	0.04257282	0.18454321	0.72711956	0.19522012	0.65814303	376677.0		13
sub-P348	LNF	0.00018371		9.75e-06														0.16574917	0.1558762	0.27030458	0.15588893	0.0	0.07441351	0.806244	0.01270009	0.53839327	0.49375109	0.49047721	0.59095592	0.49048254	0.26565228	0.27286465	0.91571928	0.15218748	0.70551376			5
sub-P349	LF		0.00042993	0.00955949	4.576e-05	0.0082177	0.44082748	3.081e-05	0.0	0.00216308	0.03762183	0.0	0.0	0.000671	8.734e-05	0.01097654	0.03465381	0.12870144	0.13983537	0.26677135	0.13984378	0.055556	0.05163964	0.53058386	0.03084071	0.68324689										19208.0		13
sub-P35	LF		0.00672634		0.27877817	0.45668451	0.31531165	0.06628949	0.01214611	0.06453448	0.06310591	0.0	0.0	2.532e-05	0.37404796	0.08456371	0.08775729																			262233.0		
sub-P350	LF		0.00515856		0.00020593	0.0018217	0.1407306	0.02533063	0.00349545	0.31305515	0.4241044	0.0	0.0	0.04553371	0.00012519	0.14869639	0.3233387																			220393.0		2
sub-P351	LNF	0.19896857		0.00788726														0.15831299	0.15901845	0.32543982	0.15902704	0.111111	0.04498398	0.61736441	0.01864933	0.62194538	0.38437336	0.39295816	0.43769581	0.392955	0.08340766	0.27696526	0.75929493	0.26863137	0.72840723			
sub-P352	LNF			1.271e-05	0.04173436	0.0155687	0.0901104	0.0049255	0.00207923	0.04855262	0.01001083	0.0	0.0	0.0	0.0160013	0.00783108	0.05517971	0.23784684	0.21624222	0.41413184	0.2162599	0.555556	0.07886281	0.85290416	0.01169051	0.72292774										59303.0		
sub-P353	RNF	0.00010435	0.0111991	0.00228523	0.0	0.0	0.0	1.45e-05	0.00764488	8.627e-05	0.0	0.0	1.601e-05	0.00011213	0.0	1.448e-05	8.624e-05	0.13522752	0.13229231	0.28557997	0.13229768	0.0	0.02818784	0.78434067	0.00609103	0.62364187	0.42448873	0.41658556	0.53260761	0.41659108	0.06385872	0.1816971	0.68610876	0.22145386	0.6574438	19701.0		12
sub-P354	Unclassified		0.0168503	0.00578608	0.0	0.0	0.0	0.00082998	0.01736448	0.00033548	0.02053715	0.62693257	0.68323892	0.28735651	0.0	0.00680491	0.00033539	0.09172031	0.10222692	0.19338416	0.10222804	0.0	0.03877188	0.20498716	0.12248484	0.82547442										116921.0		
sub-P355	RF	0.21030872	0.09072218	0.00782282	0.0	0.0	0.0	0.0	0.00279185	0.00488849	0.0	0.0	0.0	0.01288277	0.0	0.0	0.00488712	0.18423973	0.18788311	0.39192359	0.18788636	0.166667	0.04853638	0.71882997	0.01341158	0.58926222	0.41356406	0.40615391	0.47180508	0.4061634	0.08340766	0.25459389	0.73739678	0.29339044	0.68497907	48367.0	6	
sub-P356	RNF			0.00591236	0.0	0.0	0.0	0.00261679	0.08512202	0.00103201	0.0	0.27482817	0.93142628	0.02929415	0.0	0.00261338	0.00103172	0.10836848	0.11260277	0.23059759	0.11260788	0.0	0.03176037	0.51527485	0.0184455	0.73179051										102746.0	7	20
sub-P357	LNF			0.00975847	0.0	0.0	0.0	0.0	0.0	0.04119433	0.02590427	0.0	0.0	0.01621967	0.0	0.00753789	0.04118275	0.24896781	0.24138904	0.50888511	0.2413948	0.666667	0.05902939	0.69864236	0.01838795	0.7816572										14219.0	6	
sub-P358	RF			0.05362932														0.2045727	0.25179318	0.37183442	0.25180743	0.277778	0.16054079	0.64765847	0.14405291	0.6105586											2	24
sub-P359	RF			0.96732668	0.0	0.0	0.0	0.0	7.216e-05	0.0	0.0	0.01396105	0.00026824	0.00383969	0.0	0.0	0.0																			28429.0		8
sub-P360	RF			1.728e-05	0.0	0.0	0.00010167	0.0	0.00753663	0.00338041	3.032e-05	0.00249363	0.0	0.00815324	0.0	9.05e-06	0.00338585	0.34337403	0.32501574	0.60703673	0.32505048	1.0	0.12812516	0.91019237	0.01606509	0.86484758										93972.0	1	8
sub-P361	LF	0.04777092	0.00561935	0.0091609	0.0	0.0	0.00674617	0.03028332	6.765e-05	0.02417407	0.1012389	0.0	0.0	0.04193638	0.0	0.05970044	0.02466237	0.13607103	0.13548683	0.25475033	0.13549371	0.055556	0.05235261	0.62331797	0.02217838	0.65631528	0.39542912	0.37720515	0.45542559	0.37721534	0.04086958	0.20830417	0.77465201	0.18085939	0.68226168	20832.0		
sub-P363	Unclassified	0.15229698		0.01357805	1.144e-05	0.0	0.00020932	9.605e-05	0.0	0.0	0.00595841	0.0	0.0	1.809e-05	0.0	0.00182973	1.597e-05	0.1509212	0.1628611	0.29544829	0.16287549	0.166667	0.06963608	0.59427108	0.03439385	0.68057789	0.6102954	0.57743664	0.73870557	0.5774526	0.58695668	0.25112166	0.80753182	0.20953883	0.80870183	3362.0		
sub-P365	LF	0.00024691		0.01308392	0.00169317	0.0	0.0	0.0	0.0	0.0	0.42788391	0.0	0.0	0.00357744	0.0	0.12449913	0.0	0.11948946	0.1317285	0.2258929	0.13172667	0.111111	0.06446508	0.62285121	0.02665112	0.76207828	0.4317427	0.41259898	0.43631202	0.41261472	0.12511099	0.32876155	0.79082815	0.34243752	0.68819916	2569.0	8	22
sub-P367	LF	0.21637856		0.00572695	0.0	0.0	0.0	0.00404297	0.07520849	0.00051441	0.0	0.23410432	0.82185967	0.06538508	0.0	0.0040377	0.00051427	0.149101	0.15080949	0.30934635	0.15081868	0.0	0.04222199	0.71717514	0.01213467	0.58116766	0.47928684	0.47891414	0.54581569	0.47891865	0.21286207	0.31735235	0.76118818	0.30896558	0.68692717	21247.0	8	14
sub-P367	RNF	0.21637856		0.00572695	0.0	0.0	0.0	0.00404297	0.07520849	0.00051441	0.0	0.23410432	0.82185967	0.06538508	0.0	0.0040377	0.00051427	0.149101	0.15080949	0.30934635	0.15081868	0.0	0.04222199	0.71717514	0.01213467	0.58116766	0.47928684	0.47891414	0.54581569	0.47891865	0.21286207	0.31735235	0.76118818	0.30896558	0.68692717	21247.0	8	14
sub-P367	LF	0.21637856		0.00558611	0.0	0.0	0.0	0.00404297	0.07520849	0.00051441	0.0	0.23410432	0.82185967	0.06538508	0.0	0.0040377	0.00051427	0.149101	0.15080949	0.30934635	0.15081868	0.0	0.04222199	0.71717514	0.01213467	0.58116766	0.47928684	0.47891414	0.54581569	0.47891865	0.21286207	0.31735235	0.76118818	0.30896558	0.68692717	21247.0	8	14
sub-P367	RNF	0.21637856		0.00558611	0.0	0.0	0.0	0.00404297	0.07520849	0.00051441	0.0	0.23410432	0.82185967	0.06538508	0.0	0.0040377	0.00051427	0.149101	0.15080949	0.30934635	0.15081868	0.0	0.04222199	0.71717514	0.01213467	0.58116766	0.47928684	0.47891414	0.54581569	0.47891865	0.21286207	0.31735235	0.76118818	0.30896558	0.68692717	21247.0	8	14
sub-P368	RF	0.16762001	0.00633327	0.0010554	0.0	0.0	0.00236834	0.00832334	0.00207472	0.0018883	0.15562703	0.0	0.0	0.70375053	0.0	0.05359412	0.00206345	0.09540511	0.09554605	0.20579752	0.09555075	0.0	0.02064342	0.70456005	0.00591168	0.8023222	0.40631009	0.38280153	0.35758902	0.38280727	0.08340766	0.38205345	0.86865122	0.21197694	0.69523456	44965.0	6	13
sub-P369	LF			0.00684889	0.00064066	0.0140787	0.45007954	0.00079373	0.00045103	0.25028436	0.04276587	0.0	0.0	0.0051437	0.0012199	0.01323519	0.28338572	0.16015538	0.16558174	0.34975313	0.16558466	0.055556	0.04006721	0.60518598	0.01687784	0.58343922										117334.0	3	8
sub-P37	RNF	1.0			0.07389315	0.0	0.0	0.0012051	0.29364911	0.02581635	0.0	3.303e-05	0.00037234	0.00503157	0.0	0.00120353	0.02580909										0.71604615	0.77279375	0.58171883	0.7727845	0.65277816	1.0	0.96330192	0.54440439	0.75419374	131810.0		8
sub-P370	LNF	0.11222873	0.01727206	0.00392178														0.15831299	0.15328898	0.30182877	0.15330162	0.0	0.05076187	0.74020744	0.01316759	0.55654124	0.35531376	0.34289761	0.38681279	0.3429084	0.04257282	0.23372428	0.71781068	0.24619546	0.74763379	2366.0	6	16
sub-P371	RF			0.01098459	0.0	0.0	0.00122603	0.0019046	0.01061714	0.03541121	0.04398744	0.3523488	0.32442799	0.36848559	0.0	0.01470114	0.03549069	0.16019978	0.1611205	0.31297668	0.16113077	0.111111	0.0560149	0.62116311	0.02246793	0.6166461										226494.0		
sub-P372	Unclassified	0.12664055	0.01104538	0.01114087	0.0	0.0	0.0	0.0040774	0.05743358	0.00272541	0.00334633	0.32283475	0.65248724	0.06848867	0.0	0.00504577	0.00272465	0.12037736	0.13172482	0.23659333	0.13173268	0.055556	0.05779843	0.57195074	0.02966178	0.71705122	0.34832197	0.35370653	0.39551285	0.35371064	0.08173916	0.2467914	0.71021958	0.39463721	0.78992443	226288.0		17
sub-P373	LNF	0.08422225	0.0267876	0.00208439	0.00432445	0.30655892	0.07533821	0.0126182	0.00276028	0.00419835	0.04026857	0.0	0.0	0.0	0.00138585	0.0243167	0.00974868	0.11114317	0.11051075	0.24284974	0.11051509	0.0	0.02087652	0.74096627	0.00547814	0.71854927	0.28994057	0.28898924	0.35941451	0.28899334	0.0212859	0.14245971	0.71218703	0.15444509	0.86855706	36263.0	7	13
sub-P375	LNF	0.17522126	0.00859348	0.01268842	0.22758266	0.23639009	0.07512888	0.04600759	0.01489286	0.23342067	0.02604938	0.0	0.0	0.0	0.07275411	0.05352715	0.23889059	0.19254162	0.1959899	0.38434531	0.19600838	0.166667	0.0658749	0.65501451	0.02428931	0.57080022	0.45389792	0.44078549	0.51610394	0.4407761	0.08173916	0.2696626	0.83914744	0.20144757	0.63245134	123572.0		11
sub-P376	RF	7.936e-05	0.03348354	1.025e-05	0.0	0.0	0.0	0.00013954	0.0	0.0	0.06297596	0.0	0.0	0.25880389	0.0	0.01846375	0.0	0.12130966	0.11985752	0.26173929	0.11986656	0.0	0.02366937	0.77089926	0.00539199	0.67453211	0.30453592	0.29401887	0.38330093	0.29402537	0.0	0.11617154	0.69670397	0.13706047	0.81627743	13992.0	7	21
sub-P41	Unclassified	0.1126329	0.00456506	0.01097077	0.4365862	0.02428664	0.51059173	0.05850075	0.01514092	0.04612755	0.0387676	0.0	0.0	0.00099474	0.94856932	0.0697033	0.08374538	0.16941176	0.17253172	0.34692612	0.17254117	0.055556	0.05264715	0.60808236	0.02282365	0.56023665	0.35902814	0.36689953	0.42199224	0.36690731	0.06385872	0.23686226	0.70102	0.33322468	0.75673512	128127.0		10
sub-P42	LNF	0.25185402	0.02200499		0.64208901	0.02978116	0.03715178	0.08846331	0.02297523	0.02505911	0.01166775	0.0	0.0	0.0	0.10151337	0.09174144	0.02778949										0.4318301	0.43792765	0.47756593	0.43793361	0.10869572	0.32533476	0.79652083	0.29107714	0.67711578	49672.0	6	8
sub-P43	RNF		0.02900946	0.01638567	0.00388972	0.0	0.0	0.00807688	0.0156145	0.00156879	0.0	0.02751585	0.00064458	0.02915489	0.0	0.00806636	0.00156835	0.19715871	0.20983443	0.37702888	0.20984544	0.333333	0.09198333	0.76448898	0.02195051	0.66287755										31977.0	8	18
sub-P45	Unclassified	0.62482547	0.1492906	0.01739996	0.0	0.0	0.0	0.00166539	0.04750651	0.0005847	0.00094434	0.11919239	0.27712541	0.02836091	0.0	0.00193831	0.00058454	0.21471698	0.23477729	0.43612085	0.23479948	0.333333	0.09403129	0.85519426	0.02277536	0.62326717	0.66308338	0.68428092	0.74896654	0.68425127	0.7343753	0.50386379	0.80364005	0.79158973	0.87135048	97673.0		
sub-P47	RNF	0.00013668	0.00314812	0.01351299	0.01855623	0.0	0.0	0.06028393	0.77538033	0.04262892	0.00042668	0.14901361	0.04857972	0.01806807	0.0	0.06032845	0.04261694	0.26748058	0.27310728	0.56304822	0.27311846	0.944444	0.0746938	0.66893231	0.0283535	0.97984293	0.59207306	0.55689056	0.73371545	0.55689517	0.51086978	0.20744163	0.78169358	0.23660949	0.77002215	165432.0		
sub-P48	LF	0.36377264		0.01840735	0.0	0.0	0.00474863	0.02762666	0.00086597	0.05412167	0.1500888	0.0	0.0	0.03305246	0.0	0.07126155	0.05445782	0.13103219	0.15563825	0.23116796	0.15564905	0.111111	0.09840548	0.71168229	0.03160353	0.71297637	0.51555672	0.56904945	0.31669916	0.56903773	0.43294068	0.91852846	0.91918836	0.56093701	0.80140167	20440.0		
sub-P49	Unclassified	0.06460038	0.01447098	0.00597593	5.72e-05	0.0	4.186e-05	0.00401035	9.02e-06	0.02707841	0.02461988	0.0	0.0	0.00178149	0.0	0.01116838	0.02707399	0.11944506	0.11611121	0.22255279	0.11611756	0.0	0.04223038	0.6077764	0.01752566	0.68212115	0.32079182	0.31372324	0.36483064	0.31372575	0.0	0.19600706	0.79025086	0.15293177	0.78139617	9018.0	3	6
sub-P5	LNF	0.09929543	0.00157458		0.00016016	0.00100046	0.00298434	0.00170707	0.0	0.0	0.08380983	0.0	0.0	0.00176883	2.91e-06	0.02609032	0.0002204										0.59587485	0.56669962	0.73110341	0.56670431	0.5534426	0.2364443	0.83587238	0.17732176	0.79848029	21957.0		11
sub-P50	RF	0.25874247	0.0139216	0.01709347	0.0	0.0	0.00202146	0.00374034	0.00882657	0.05603233	0.05954299	0.02584792	0.0262196	0.39326544	0.0	0.02106084	0.05616671	0.2045727	0.21123462	0.39379581	0.21124319	0.333333	0.08372587	0.65755779	0.03146975	0.64543808	0.52289809	0.51409861	0.58667571	0.51410141	0.3544813	0.33942673	0.81691563	0.28071139	0.73340515	246218.0	6	12
sub-P51	LNF	0.27920207	0.09026382	0.01830946	0.0	0.00081856	0.000927	0.00032076	0.0	0.0	0.0	0.0	0.0	0.0	0.0	0.00032034	6.708e-05	0.21376249	0.22710992	0.43088357	0.22711404	0.333333	0.08535447	0.65673189	0.03314037	0.62527608	0.44987764	0.47210876	0.40338734	0.47213108	0.29800771	0.53257928	0.90445502	0.27641431	0.78740386	8809.0	2	3
sub-P52	Unclassified		0.03349491	0.20400347	2.288e-05	0.0	0.0	0.00353194	0.04779065	0.00073487	0.00195798	0.31527128	0.49954959	0.0397787	0.0	0.00409743	0.00073466	1.0	0.83889526	1.0	0.83898781	1.0	0.68354477	1.0	0.10345851	0.39962687										314101.0		
sub-P53	LF	0.2258037	0.00757068	0.00585373	2.288e-05	0.03386058	0.27025944	0.0001341	0.0	0.0	0.14752653	0.0	0.0	0.00311625	2.038e-05	0.04305736	0.019919	0.17129856	0.17184233	0.37363835	0.17185049	0.0	0.03494559	0.66236341	0.01239491	0.52573868	0.45000874	0.45889499	0.46013935	0.45891486	0.23414899	0.40665258	0.8298249	0.28788355	0.73951627	17265.0	2	4
sub-P54	Unclassified	0.35080701	0.01351459	0.0328075	0.05103535	0.11161313	0.25378276	0.22167837	0.0256453	0.26394977	0.37432315	0.0	0.0	0.03874417	0.05511075	0.33030249	0.28258078	0.17125416	0.17151009	0.31120434	0.17152864	0.166667	0.07329331	0.70012031	0.05696539	0.62120322	0.48273903	0.49380273	0.46384327	0.49382159	0.24521749	0.48865425	0.80943714	0.40400663	0.70476772	307760.0	7	6
sub-P56	Unclassified	0.38253181	0.01829586		0.00017161	0.00107001	0.0240721	0.61184947	0.00041043	0.02215158	0.47973576	0.0	0.0	0.04543967	1.747e-05	0.75063796	0.02392132										0.50096137	0.5022856	0.53446722	0.50228494	0.33362964	0.39481703	0.75909732	0.48548832	0.74492331	120574.0		
sub-P57	RF	0.49660501		0.21038922	0.00010296	0.0	0.0	0.00012866	0.01631359	0.00020129	0.00431449	0.16149499	0.19783405	0.07818104	0.0	0.0013827	0.00020123	0.67718091	0.6760437	0.56830294	0.6761757	0.944444	0.69873791	0.97746319	0.12459778	0.5009545	0.81436812	0.78238727	0.74080503	0.78243724	0.82843767	0.76462598	0.88296201	0.55106357	0.80393247	34178.0	1	12
sub-P62	Unclassified	0.00029394	0.01715133	0.03839534	0.00093811	0.00374237	0.01203904	0.47399161	0.12088834	0.1716116	0.20844921	0.0	0.0	0.02791418	4.658e-05	0.53402456	0.17245135	0.26375139	0.2934705	0.45654091	0.293482	0.777778	0.17269691	0.75561926	0.04989977	0.83787278	0.69227408	0.65181455	0.67587708	0.65183906	0.72373184	0.54123202	0.91282677	0.28647181	0.83167961	153619.0	1	7
sub-P63	RNF	0.11144098	0.0141303	0.00013603	0.04298135	2.14e-05	0.0	0.20789494	1.0	0.03748802	0.00042019	0.09214885	0.01202682	0.02632079	0.0	0.2077471	0.03747748	0.12137625	0.12226252	0.25496561	0.12227082	0.0	0.03163016	0.77325644	0.00656867	0.67426505	0.4319175	0.41359033	0.49617145	0.41358906	0.08514462	0.23359308	0.83911235	0.21209365	0.66157429	202093.0		13
sub-P66	RNF	0.00021017	0.01610488	0.01743626														0.31556049	0.31073452	0.58302701	0.31075278	0.944444	0.12083737	0.86367612	0.0194371	0.86957473	0.70861737	0.67933058	0.82891276	0.6793467	0.87273621	0.36093474	0.93354632	0.18185675	0.94358389	485.0	7	15
sub-P68	LNF	0.00018665	0.02072442	0.01903862	0.00232239	0.06166489	0.00773896	0.21375371	0.14752139	0.11598185	0.01922894	0.0	0.0	0.00011937	7.57e-05	0.21906932	0.11652101	0.18235294	0.19870596	0.34654641	0.19872301	0.222222	0.09363312	0.66307785	0.03649501	0.62757318	0.49379479	0.46664262	0.54701784	0.46665176	0.14900334	0.28443964	0.8516218	0.18586113	0.62934858	47637.0	6	14
sub-P69	LF		0.0326768	0.00574053	0.00016016	0.0	0.20659546	0.01322709	0.00098324	0.29964534	0.42333983	0.0	0.0	0.02409076	0.00013975	0.13638601	0.31479104	0.10475028	0.11191471	0.22534372	0.11192158	0.0	0.03395966	0.46404837	0.02405252	0.74996031										105505.0	8	17
sub-P70	RNF	0.15887239	0.01449889	0.01115839	0.04054456	0.0	0.0	0.01797319	0.59238579	0.04004729	0.00032922	0.14951564	0.0661115	0.0214737	0.0	0.01804569	0.04003603	0.17866815	0.19104069	0.3777777	0.19105233	0.277778	0.06225806	0.64030366	0.02408972	0.67327932	0.4318301	0.42970463	0.52328685	0.4297158	0.10869572	0.22999435	0.67882716	0.29042198	0.67711578	206574.0	4	17
sub-P71	LNF	0.00014991	0.00625664	0.01160154	0.09678526	0.0016826	0.00031697	0.00707293	0.00200255	0.00247939	0.00030106	0.0	0.0	0.0	0.00013102	0.00715059	0.00250105	0.12137625	0.12396212	0.21277888	0.12396965	0.055556	0.06053737	0.58541002	0.02813689	0.71278461	0.36986541	0.36942416	0.42987877	0.36942762	0.0212859	0.23036176	0.75896832	0.2065236	0.70794916	29395.0		
sub-P75	LNF	9.259e-05	0.00814781	0.00928015	0.0	0.0	0.0	0.0005509	0.0	0.00512173	0.00019277	0.0	0.0	0.0002731	0.0	0.00060629	0.00512029	0.10281909	0.11480335	0.20766867	0.11481051	0.055556	0.04945947	0.55096307	0.02872065	0.80353061	0.4608897	0.43472938	0.561267	0.43473375	0.06385872	0.18069784	0.89996137	0.10264649	0.61355216	3935.0	2	11
sub-P76	LF	0.09656033	0.0070747	0.00224536	0.00289441	0.00395905	0.24965611	0.00020478	6.765e-05	0.18236629	0.03906433	0.0	0.0	0.00030204	0.0030774	0.01157016	0.20071678	0.14350721	0.14606826	0.29488349	0.14608229	0.0	0.04384365	0.69787899	0.01278131	0.59744144	0.41365146	0.39325882	0.52190845	0.39325606	0.02085166	0.14031914	0.73638199	0.16329088	0.64418521	123254.0	2	16
sub-P77	LNF	0.00011023	0.01293623	0.00549378	0.00464478	0.00035043	0.00011363	0.05878164	0.01452753	0.22267877	0.01249079	0.0	0.0	0.00359915	2.91e-06	0.06233915	0.22262256	0.11207547	0.11485356	0.2427854	0.11486242	0.0	0.02767765	0.52509281	0.01563867	0.71422731	0.48278273	0.46960799	0.61480822	0.46961389	0.14900334	0.18130964	0.80989363	0.14654559	0.64138204	55637.0	6	14
sub-P79	LF	0.09908085	0.05462505	0.0044954	0.00029745	0.02442574	0.45531859	0.00058715	0.0	0.21150553	0.05596058	0.0	0.0	0.00387948	0.0005852	0.0168675	0.24500747	0.1527414	0.15197276	0.3084225	0.15198092	0.0	0.04460814	0.80263704	0.00851821	0.57113024	0.38083377	0.38038986	0.45971146	0.38039565	0.04257282	0.20934375	0.76935225	0.18634585	0.70532824	103234.0	6	14
sub-P81	Unclassified	0.44674419	0.01241602	0.01996244	0.0	0.0	0.0	0.00251168	0.0500097	0.00170618	0.00085337	0.3446268	0.74776899	0.03557547	0.0	0.00275635	0.0017057	0.21564928	0.22046287	0.40123235	0.22047009	0.388889	0.09346372	0.67593498	0.03420985	0.65681492	0.69402202	0.6882356	0.70029526	0.688255	0.71797945	0.59325224	0.85874117	0.42541613	0.82526065	138785.0	1	13
sub-P82	RF	0.1748171	0.15044647	0.01324377														0.14352941	0.15365811	0.27724698	0.15366663	0.176471	0.06663865	0.60683023	0.0307767	0.71266772	0.43943367	0.42924158	0.49085342	0.42924661	0.10017032	0.28174602	0.77913042	0.24214046	0.66171853		1	11
sub-P83	LNF	0.16351221	0.01210049	0.0090582	0.19803226	0.03008343	0.0084686	0.00501249	0.0030805	0.00374465	0.0	0.0	0.0	0.0	0.00713595	0.00500595	0.00436646	0.21753607	0.22318089	0.47487861	0.22319237	0.388889	0.05185068	0.68927344	0.01639392	0.65269522	0.49370739	0.49622048	0.59441597	0.49623008	0.23414899	0.28170488	0.80845543	0.22110202	0.68414322	11094.0	2	12
sub-P84	LNF	0.00021751	0.01553218		6.864e-05	0.00103524	0.0	1.0	0.00325189	0.13487124	0.00447693	0.0	0.0	0.00052812	0.0	1.0	0.13483333										0.80326866	0.76862077	0.97706045	0.7686408	0.98003623	0.34442056	0.90282986	0.19892232	0.94332727	26929.0	7	
sub-P85	Unclassified	0.3543328	0.02370096	0.00171914	1.144e-05	0.0	3.588e-05	0.03460536	0.00166879	0.00014378	0.04839723	0.05697706	0.00963267	0.37108276	0.0	0.04864246	0.00014693	0.18235294	0.17891571	0.36048986	0.17892721	0.111111	0.05414274	0.77044542	0.01220158	0.56157721	0.5519577	0.56722816	0.6436988	0.56722589	0.40443823	0.38039	0.84821384	0.3284888	0.73595743	54246.0	1	10
sub-P86	RNF	0.14513517	0.02160336	0.01179423	0.01887656	0.0	0.0	0.00062701	0.08338558	0.00283085	0.0	0.0	0.00994895	0.00765587	0.0	0.0006262	0.00283006	0.13795782	0.14596057	0.27100416	0.14596426	0.111111	0.05854079	0.59206674	0.02732583	0.68694229	0.39171474	0.37322644	0.41524751	0.37324446	0.08340766	0.26382527	0.73175142	0.2673345	0.71692503	84356.0	8	
sub-P87	LNF	0.1284806		0.01559442	0.31150898	0.02340387	0.03483129	0.0404442	0.01110425	0.10816027	0.00179554	0.0	0.0	0.0	0.0461697	0.04091454	0.110698	0.17125416	0.18027306	0.31886729	0.18029928	0.333333	0.08216585	0.58335206	0.03868891	0.73386441	0.59570005	0.55923966	0.6262864	0.55925596	0.51086978	0.388652	0.93548688	0.17774033	0.76608282	95671.0	5	10
sub-P88	RNF		0.01462654		0.0	0.0	0.0	1.269e-05	0.0029046	3.2e-06	0.0	0.18718437	0.76841157	0.05069369	0.0	1.267e-05	3.19e-06																			7721.0	5	10
sub-P89	Unclassified	0.13613477	0.02137619	0.00948505	0.0	0.0	0.00054424	0.0	0.0	3.834e-05	0.00039203	0.0	0.0	0.0	0.0	0.00011402	7.985e-05	0.13238624	0.13788627	0.26579429	0.13789086	0.0	0.0492133	0.63814345	0.01779309	0.63327976	0.36261143	0.36526505	0.44327377	0.3652675	0.04347808	0.19801601	0.68518917	0.24764514	0.73562927	9642.0	2	10
sub-P92	LNF	0.07938255		0.00434394	0.3946116	0.00172005	0.00313984	0.00487295	0.06398246	0.11502971	0.02664501	0.0	0.0	0.0	0.00526972	0.01261986	0.11523056	0.10284129	0.10558619	0.22376043	0.10559346	0.0	0.02509265	0.55834536	0.01217595	0.75998848	0.32621045	0.32457241	0.39056501	0.32458039	0.0	0.18138189	0.75849946	0.16361958	0.77048122	52643.0	7	25
sub-P93	RF	0.00031598	0.02060729	0.02791623	0.0	0.0	0.0	0.00099489	0.02141469	0.00200013	3.249e-05	0.03357323	0.01508157	0.01221358	0.0	0.00100264	0.00199957	0.33407325	0.33303084	0.61765184	0.3330501	1.0	0.13399567	0.75095576	0.03640827	0.88217132	0.66841461	0.61954213	0.61216683	0.61958949	0.77198145	0.56378597	0.94963358	0.23551302	0.89795888	151229.0	1	11
sub-P94	LNF	0.00013815	0.00715214	5.68e-06	0.24675666	0.2841341	0.18108202	0.06227733	0.01305268	0.3434884	0.05953866	0.0	0.0	0.00022608	0.19013777	0.07951975	0.35673719	0.18974473	0.17823432	0.36444659	0.17824527	0.0	0.05061879	0.82420199	0.00871038	0.48830503	0.45914176	0.44415167	0.55783693	0.44416441	0.12771744	0.21005993	0.90260305	0.11887511	0.65521032	227584.0	7	9
sub-P95	LF	0.00014403	0.00898693	0.00965367	0.00027457	0.02290364	0.24241355	0.03141774	4.51e-06	0.05188191	0.70632229	0.0	0.0	0.03871342	0.00028823	0.23689059	0.06973565	0.13236404	0.13995878	0.26658497	0.13995962	0.055556	0.05194778	0.61361519	0.02181739	0.66953891	0.4772767	0.45250429	0.54723963	0.45251359	0.10643154	0.24841801	0.8467919	0.1644802	0.6211616	114976.0	6	6
sub-P96	RNF	0.11967273		0.00355332	0.0	0.0	0.0	1.269e-05	0.00011276	0.0	0.0	0.0	0.0	0.0	0.0	1.267e-05	0.0	0.12870144	0.12987677	0.2855395	0.12988468	0.0	0.02445245	0.66896955	0.00844217	0.64632358	0.42820311	0.40711848	0.51120339	0.40712132	0.08514462	0.19274319	0.74480221	0.1945756	0.6663908	8221.0	8	18
sub-P98	RF	0.36794804	0.1171201	0.01662563	0.0	0.0	0.0	0.00028632	0.02004357	0.00023324	0.01100931	0.2887727	0.89142228	0.17457484	0.0	0.00348752	0.00023318	0.21009989	0.21478411	0.3873374	0.21479603	0.388889	0.09327227	0.7704024	0.0213101	0.66929926	0.62122007	0.6311672	0.67909953	0.63118545	0.58385161	0.48389723	0.82109417	0.38905152	0.79432308	125943.0	2	11
sub-P99	Unclassified	0.24751107	0.03961898	1.136e-05	0.0	0.0	0.0	0.02137465	0.00050966	1.278e-05	0.01996101	0.27115212	0.24080873	0.35817648	0.0	0.0271545	1.278e-05	0.21933407	0.20821444	0.40838757	0.20822967	0.388889	0.06994056	0.84682264	0.01073584	0.64882646	0.61409719	0.61886508	0.70695531	0.61887789	0.5534426	0.40741789	0.82943586	0.30181909	0.77853448	89299.0	3	20
