roi_index,roi_name,behaviour_degree,cooccurrence_degree,block_edge_mean,block_edge_var,level_0,level_1,level_2,level_3,level_4,consistency_0,consistency_1,consistency_2,consistency_3,consistency_4
0,DefaultA_FPole_1_L,176.964861,1575.0,407.256,19.750464,0,0,0,0,0,1.0,1.0,1.0,nan,nan
1,DefaultA_IPL_1_L,0.0,374.0,0.0,0.0,1,1,0,0,0,1.0,1.0,1.0,nan,nan
2,DefaultA_IPL_2_L,0.0,162.0,0.824,84.201024,1,1,0,0,0,0.952857,0.948667,1.0,nan,nan
3,DefaultA_PCC_1_L,31.616048,623.0,407.256,19.750464,0,0,0,0,0,1.0,1.0,1.0,nan,nan
4,DefaultA_PFCd_1_L,212.83159,2232.0,96.744,1.798464,2,2,0,0,0,1.0,1.0,1.0,nan,nan
5,DefaultA_PFCm_1_L,90.005929,1037.0,407.256,19.750464,0,0,0,0,0,1.0,1.0,1.0,nan,nan
6,DefaultA_PFCm_2_L,26.210845,101.0,407.256,19.750464,0,0,0,0,0,1.0,1.0,1.0,nan,nan
7,DefaultA_PFCm_3_L,10.520879,149.0,90.464,17108.808704,3,0,0,0,0,0.85,1.0,1.0,nan,nan
8,DefaultA_PFCm_4_L,0.0,0.0,131.528,38061.009216,3,5,0,0,0,0.082857,0.076,0.364,-inf,nan
9,DefaultA_PHC_1_L,6.63245,343.0,148.272,1.398016,4,3,1,0,0,1.0,1.0,1.0,-inf,-inf
10,DefaultA_Temp_1_L,0.0,379.0,0.0,0.0,1,1,0,0,0,1.0,1.0,1.0,nan,nan
11,DefaultA_Temp_2_L,0.0,632.0,0.0,0.0,1,1,0,0,0,1.0,1.0,1.0,nan,nan
12,DefaultA_TempPole_1_L,0.0,0.0,124.936,39407.747904,7,5,0,0,0,0.065714,0.099333,0.34,-inf,-inf
13,DefaultA_pCun_1_L,43.579901,796.0,407.256,19.750464,0,0,0,0,0,1.0,1.0,1.0,nan,nan
14,DefaultB_FPole_1_L,159.194665,1312.0,407.256,19.750464,0,0,0,0,0,1.0,1.0,1.0,nan,nan
15,DefaultB_IPL_1_L,0.0,108.0,0.0,0.0,1,1,0,0,0,0.931429,0.925333,1.0,nan,nan
16,DefaultB_IPL_2_L,0.0,452.0,0.0,0.0,1,1,0,0,0,1.0,1.0,1.0,nan,nan
17,DefaultB_PCC_1_L,5.22272,0.0,207.456,33406.712064,3,0,0,0,0,0.46,0.93,0.988,nan,nan
18,DefaultB_PCC_2_L,30.232436,655.0,407.256,19.750464,0,0,0,0,0,1.0,1.0,1.0,nan,nan
19,DefaultB_PFCd_1_L,281.974426,3119.0,96.744,1.798464,2,2,0,0,0,1.0,1.0,1.0,nan,nan
20,DefaultB_PFCd_2_L,282.031423,2843.0,96.744,1.798464,2,2,0,0,0,1.0,1.0,1.0,nan,nan
21,DefaultB_PFCd_3_L,258.239743,2592.0,407.256,19.750464,0,0,0,0,0,1.0,1.0,1.0,nan,nan
22,DefaultB_PFCd_4_L,150.175214,1708.0,407.256,19.750464,0,0,0,0,0,1.0,1.0,1.0,nan,nan
23,DefaultB_PFCl_1_L,108.110161,1957.0,96.744,1.798464,2,2,0,0,0,1.0,1.0,1.0,nan,nan
24,DefaultB_PFCv_1_L,0.0,0.0,134.424,38196.892224,4,5,0,0,0,0.057143,0.043333,0.328,-inf,-inf
25,DefaultB_PFCv_2_L,0.0,0.0,143.48,37641.2176,3,0,0,0,0,0.1,0.136667,0.424,-inf,-inf
26,DefaultB_Temp_1_L,0.0,556.0,0.0,0.0,1,1,0,0,0,1.0,1.0,1.0,nan,nan
27,DefaultB_Temp_2_L,0.0,715.0,0.0,0.0,1,1,0,0,0,1.0,1.0,1.0,nan,nan
28,DefaultB_TempPole_1_L,0.0,756.0,0.0,0.0,1,1,0,0,0,1.0,1.0,1.0,nan,nan
29,DefaultB_TempPole_2_L,0.0,166.0,0.0,0.0,1,1,0,0,0,1.0,1.0,1.0,nan,nan
30,DefaultC_IPL_1_L,0.0,219.0,0.0,0.0,1,1,0,0,0,1.0,1.0,1.0,nan,nan
31,DefaultC_PFCd_1_L,106.306432,1243.0,96.744,1.798464,2,2,0,0,0,1.0,1.0,1.0,nan,nan
32,DefaultC_PFCd_2_L,99.94799,928.0,96.744,1.798464,2,2,0,0,0,1.0,1.0,1.0,nan,nan
33,DefaultC_PHC_1_L,0.0,419.0,148.272,1.398016,4,3,1,0,0,1.0,1.0,1.0,-inf,-inf
34,DefaultC_PHC_2_L,0.0,0.0,107.744,24724.702464,4,5,0,0,0,0.082857,0.094667,0.304,-inf,nan
35,DefaultC_RSC_1_L,0.0,49.0,78.76,8836.0784,3,0,0,0,0,0.755714,0.804,0.748,-inf,nan
36,DefaultC_RSC_2_L,6.061958,158.0,37.696,0.547584,3,0,0,0,0,1.0,1.0,1.0,nan,nan
37,DefaultC_RSC_3_L,5.308434,258.0,407.256,19.750464,0,0,0,0,0,1.0,1.0,1.0,nan,nan
38,DefaultC_pCun_1_L,10.194278,316.0,148.272,1.398016,4,3,1,0,0,1.0,1.0,1.0,-inf,-inf
39,DefaultC_pCun_2_L,0.0,0.0,126.416,37577.330944,3,0,0,0,0,0.074286,0.076,0.43,-inf,nan
40,DefaultC_pCun_3_L,0.0,149.0,37.696,0.547584,3,0,0,0,0,1.0,1.0,1.0,nan,nan
41,Language_IFG_1_L,43.12993,2868.0,96.744,1.798464,2,2,0,0,0,1.0,1.0,1.0,nan,nan
42,Language_IFG_2_L,0.0,713.0,96.744,1.798464,2,2,0,0,0,1.0,1.0,1.0,nan,nan
43,Language_IPL_1_L,0.0,100.0,2.808,273.731136,1,1,0,0,0,0.875714,0.864667,0.988,nan,nan
44,Language_PFCd_1_L,205.700664,2166.0,96.744,1.798464,2,2,0,0,0,1.0,1.0,1.0,nan,nan
45,Language_PFCd_2_L,198.757426,1959.0,407.256,19.750464,0,0,0,0,0,1.0,1.0,1.0,nan,nan
46,Language_PFCl_1_L,19.785197,950.0,96.744,1.798464,2,2,0,0,0,1.0,1.0,1.0,nan,nan
47,Language_Temp_1_L,0.0,602.0,0.0,0.0,1,1,0,0,0,1.0,1.0,1.0,nan,nan
48,Language_Temp_2_L,0.0,544.0,0.0,0.0,1,1,0,0,0,1.0,1.0,1.0,nan,nan
49,Language_Temp_3_L,0.0,50.0,1.576,152.764224,5,4,0,0,0,0.507143,0.570667,0.994,nan,nan
50,Language_TempPole_1_L,0.0,584.0,0.0,0.0,1,1,0,0,0,1.0,1.0,1.0,nan,nan
51,ContA_Cingm_1_L,205.75698,2084.0,96.744,1.798464,2,2,0,0,0,1.0,1.0,1.0,nan,nan
52,ContA_IPS_1_L,0.0,0.0,146.264,41324.330304,3,0,0,0,0,0.082857,0.150667,0.442,-inf,nan
53,ContA_IPS_2_L,0.0,0.0,114.856,29149.107264,1,1,0,0,0,0.078571,0.076,0.358,-inf,nan
54,ContA_IPS_3_L,0.0,0.0,114.8,30971.456,3,0,0,0,0,0.108571,0.104,0.4,-inf,-inf
55,ContA_Ins_1_L,0.0,0.0,112.08,32522.5536,1,5,0,0,0,0.087143,0.127333,0.202,-inf,nan
56,ContA_OFC_1_L,0.0,0.0,97.864,26260.893504,3,0,0,0,0,0.117143,0.104,0.532,-inf,nan
57,ContA_PFCd_1_L,72.958063,1115.0,96.744,1.798464,2,2,0,0,0,1.0,1.0,1.0,nan,nan
58,ContA_PFCl_1_L,0.0,1357.0,96.744,1.798464,2,2,0,0,0,1.0,1.0,1.0,nan,nan
59,ContA_PFCl_2_L,29.348,2248.0,96.744,1.798464,2,2,0,0,0,1.0,1.0,1.0,nan,nan
60,ContA_PFCl_3_L,19.237037,1063.0,96.744,1.798464,2,2,0,0,0,1.0,1.0,1.0,nan,nan
61,ContA_PFCl_4_L,70.707748,1236.0,96.744,1.798464,2,2,0,0,0,1.0,1.0,1.0,nan,nan
62,ContA_Temp_1_L,0.0,1130.0,0.0,0.0,1,1,0,0,0,1.0,1.0,1.0,nan,nan
63,ContB_FPole_1_L,112.335609,911.0,407.256,19.750464,0,0,0,0,0,1.0,1.0,1.0,nan,nan
64,ContB_IPL_1_L,0.0,102.0,0.0,0.0,5,4,0,0,0,1.0,1.0,0.97,nan,nan
65,ContB_IPL_2_L,0.0,324.0,0.0,0.0,1,1,0,0,0,1.0,1.0,1.0,nan,nan
66,ContB_IPS_1_L,0.0,101.0,0.0,0.0,5,4,0,0,0,1.0,1.0,0.97,nan,nan
67,ContB_OFC_1_L,41.979341,453.0,115.856,5758.059264,2,2,0,0,0,0.935714,0.93,1.0,nan,nan
68,ContB_OFC_2_L,47.656421,152.0,407.256,19.750464,0,0,0,0,0,1.0,1.0,1.0,nan,nan
69,ContB_OFC_3_L,0.0,49.0,86.432,8908.069376,3,0,0,0,0,0.678571,0.72,0.646,-inf,-inf
70,ContB_PCC_1_L,0.0,0.0,139.504,42351.113984,3,5,0,0,0,0.087143,0.094667,0.316,-inf,nan
71,ContB_PFCd_1_L,46.593211,605.0,96.744,1.798464,2,2,0,0,0,1.0,1.0,1.0,nan,nan
72,ContB_PFCmp_1_L,230.891593,2557.0,96.744,1.798464,2,2,0,0,0,1.0,1.0,1.0,nan,nan
73,ContB_Temp_1_L,0.0,685.0,0.0,0.0,1,1,0,0,0,1.0,1.0,1.0,nan,nan
74,ContB_Temp_2_L,0.0,928.0,0.0,0.0,1,1,0,0,0,1.0,1.0,1.0,nan,nan
75,ContC_Cingp_1_L,5.358887,50.0,88.336,15849.999104,3,0,0,0,0,0.841429,0.981333,0.982,nan,nan
76,ContC_Cingp_2_L,122.48729,1532.0,226.296,313.528384,10,3,1,0,0,1.0,1.0,1.0,-inf,-inf
77,ContC_FPole_1_L,131.297279,1229.0,407.256,19.750464,0,0,0,0,0,1.0,1.0,1.0,nan,nan
78,ContC_Ins_1_L,6.040075,108.0,37.696,0.547584,3,0,0,0,0,1.0,1.0,1.0,nan,nan
79,ContC_PFCm_1_L,78.998438,1025.0,407.256,19.750464,0,0,0,0,0,1.0,1.0,1.0,nan,nan
80,ContC_PFCm_2_L,33.185551,360.0,37.696,0.547584,3,0,0,0,0,1.0,1.0,1.0,nan,nan
81,ContC_PHC_1_L,0.0,98.0,354.496,13320.233984,0,0,0,0,0,0.811429,0.794667,0.952,-inf,nan
82,ContC_pCun_1_L,5.391468,61.0,43.584,731.314944,3,0,0,0,0,0.914286,0.906667,0.898,-inf,nan
83,ContC_pCun_2_L,0.0,107.0,37.696,0.547584,3,0,0,0,0,1.0,1.0,1.0,nan,nan
84,SalVenAttnA_FrMed_1_L,125.213379,1303.0,96.744,1.798464,2,2,0,0,0,1.0,1.0,1.0,nan,nan
85,SalVenAttnA_FrMed_2_L,62.238191,680.0,13.896,1148.005184,5,4,0,0,0,0.845714,0.832,0.988,nan,nan
86,SalVenAttnA_FrOper_1_L,0.0,608.0,96.744,1.798464,2,2,0,0,0,1.0,1.0,1.0,nan,nan
87,SalVenAttnA_IPL_1_L,0.0,158.0,0.0,0.0,1,1,0,0,0,0.987143,0.986,1.0,nan,nan
88,SalVenAttnA_Ins_1_L,90.838397,2135.0,96.744,1.798464,2,2,0,0,0,1.0,1.0,1.0,nan,nan
89,SalVenAttnA_Ins_2_L,11.780407,912.0,148.272,1.398016,4,3,1,0,0,1.0,1.0,1.0,-inf,-inf
90,SalVenAttnA_Ins_3_L,11.296073,769.0,148.272,1.398016,4,3,1,0,0,1.0,1.0,1.0,-inf,-inf
91,SalVenAttnA_PFCd_1_L,201.203456,1950.0,0.0,0.0,5,4,0,0,0,1.0,1.0,0.97,nan,nan
92,SalVenAttnA_SPL_1_L,11.732448,218.0,76.288,1.645056,11,2,0,0,0,1.0,1.0,1.0,nan,nan
93,SalVenAttnA_SPL_2_L,60.238912,949.0,0.0,0.0,6,4,0,0,0,1.0,1.0,0.97,nan,nan
94,SalVenAttnA_SPL_3_L,41.765127,796.0,0.0,0.0,6,4,0,0,0,1.0,1.0,0.97,nan,nan
95,SalVenAttnB_IFG_1_L,23.173289,1967.0,96.744,1.798464,2,2,0,0,0,1.0,1.0,1.0,nan,nan
96,SalVenAttnB_IPL_1_L,5.270318,107.0,0.0,0.0,6,4,0,0,0,1.0,1.0,0.97,nan,nan
97,SalVenAttnB_IPL_2_L,0.0,0.0,147.28,39802.9376,4,0,0,0,0,0.048571,0.071333,0.328,-inf,-inf
98,SalVenAttnB_Ins_1_L,0.0,527.0,96.744,1.798464,2,2,0,0,0,1.0,1.0,1.0,nan,nan
99,SalVenAttnB_Ins_2_L,82.80608,2061.0,96.744,1.798464,2,2,0,0,0,1.0,1.0,1.0,nan,nan
100,SalVenAttnB_OFC_1_L,5.037632,0.0,230.44,32494.7344,0,0,0,0,0,0.46,0.869333,0.964,-inf,nan
101,SalVenAttnB_OFC_2_L,0.0,0.0,133.68,32803.7376,3,0,0,0,0,0.095714,0.136667,0.406,-inf,nan
102,SalVenAttnB_PFCl_1_L,89.660469,952.0,96.744,1.798464,2,2,0,0,0,1.0,1.0,1.0,nan,nan
103,SalVenAttnB_PFCl_2_L,148.530103,1444.0,407.256,19.750464,0,0,0,0,0,1.0,1.0,1.0,nan,nan
104,SalVenAttnB_PFCl_3_L,26.707481,1319.0,96.744,1.798464,2,2,0,0,0,1.0,1.0,1.0,nan,nan
105,SalVenAttnB_PFCmp_1_L,66.617763,1063.0,407.256,19.750464,0,0,0,0,0,1.0,1.0,1.0,nan,nan
106,SalVenAttnB_SPL_1_L,46.230077,887.0,0.0,0.0,5,4,0,0,0,1.0,1.0,0.97,nan,nan
107,SalVenAttnB_Temp_1_L,0.0,162.0,0.0,0.0,1,1,0,0,0,1.0,1.0,1.0,nan,nan
108,DorsAttnA_IPL_1_L,0.0,0.0,119.784,28085.409344,3,0,0,0,0,0.065714,0.094667,0.334,-inf,nan
109,DorsAttnA_IPL_2_L,0.0,0.0,135.008,35145.095936,2,5,0,0,0,0.078571,0.066667,0.328,-inf,-inf
110,DorsAttnA_IPS_1_L,0.0,152.0,63.8,6807.208,6,4,0,0,0,0.58,0.547333,0.388,-inf,-inf
111,DorsAttnA_IPS_2_L,0.0,0.0,125.648,38797.316096,1,0,0,0,0,0.048571,0.066667,0.436,-inf,nan
112,DorsAttnA_IPS_3_L,0.0,50.0,81.12,5156.9856,4,3,0,0,0,0.447143,0.412,0.25,-inf,-inf
113,DorsAttnA_IPS_4_L,0.0,0.0,114.984,30863.047744,3,0,0,0,0,0.16,0.16,0.406,-inf,-inf
114,DorsAttnA_PFCd_1_L,159.600684,1950.0,96.744,1.798464,2,2,0,0,0,1.0,1.0,1.0,nan,nan
115,DorsAttnA_PrCd_1_L,75.280583,722.0,0.0,0.0,5,4,0,0,0,1.0,1.0,0.97,nan,nan
116,DorsAttnA_PrCv_1_L,0.0,702.0,96.744,1.798464,2,2,0,0,0,1.0,1.0,1.0,nan,nan
117,DorsAttnA_SPL_1_L,36.546083,582.0,0.0,0.0,6,4,0,0,0,1.0,1.0,0.97,nan,nan
118,DorsAttnA_SPL_2_L,15.558757,433.0,148.272,1.398016,4,3,1,0,0,1.0,1.0,1.0,-inf,-inf
119,DorsAttnA_TempOcc_1_L,0.0,823.0,0.0,0.0,1,1,0,0,0,1.0,1.0,1.0,nan,nan
120,DorsAttnA_TempOcc_2_L,0.0,921.0,0.0,0.0,1,1,0,0,0,1.0,1.0,1.0,nan,nan
121,DorsAttnA_TempOcc_3_L,0.0,636.0,0.0,0.0,1,1,0,0,0,1.0,1.0,1.0,nan,nan
122,DorsAttnA_TempPole_1_L,0.0,0.0,143.24,41750.5744,1,5,0,0,0,0.057143,0.052667,0.298,-inf,-inf
123,DorsAttnA_TempPole_2_L,0.0,0.0,115.48,28519.1056,2,0,0,0,0,0.087143,0.104,0.472,-inf,nan
124,DorsAttnB_FrMed_1_L,149.520334,1547.0,0.0,0.0,5,4,0,0,0,1.0,1.0,0.97,nan,nan
125,DorsAttnB_ParOper_1_L,0.0,0.0,123.864,34383.293504,3,0,0,0,0,0.181429,0.211333,0.55,-inf,nan
126,DorsAttnB_PostC_1_L,0.0,0.0,132.992,27113.639936,2,0,0,0,0,0.1,0.122667,0.376,-inf,nan
127,DorsAttnB_PostC_2_L,0.0,0.0,139.76,37050.5984,4,3,0,0,0,0.057143,0.085333,0.28,-inf,nan
128,DorsAttnB_PostC_3_L,0.0,49.0,3.224,828.853824,5,4,0,0,0,0.837143,0.832,0.97,nan,nan
129,DorsAttnB_PrCd_1_L,167.868493,2027.0,0.0,0.0,5,4,0,0,0,1.0,1.0,0.97,nan,nan
130,DorsAttnB_PrCd_2_L,153.832623,1645.0,0.0,0.0,5,4,0,0,0,1.0,1.0,0.97,nan,nan
131,DorsAttnB_PrCv_1_L,7.535435,120.0,96.744,1.798464,2,2,0,0,0,1.0,1.0,1.0,nan,nan
132,DorsAttnB_SPL_1_L,0.0,0.0,134.016,32343.039744,2,5,0,0,0,0.065714,0.062,0.352,-inf,-inf
133,DorsAttnB_SPL_2_L,53.903912,925.0,0.0,0.0,6,4,0,0,0,1.0,1.0,0.97,nan,nan
134,DorsAttnB_SPL_3_L,47.173918,798.0,148.272,1.398016,4,3,1,0,0,1.0,1.0,1.0,-inf,-inf
135,DorsAttnB_SPL_4_L,52.477733,967.0,0.0,0.0,6,4,0,0,0,1.0,1.0,0.97,nan,nan
136,Aud_Ins_1_L,5.899092,429.0,148.272,1.398016,4,3,1,0,0,1.0,1.0,1.0,-inf,-inf
137,Aud_ParOcc_1_L,0.0,273.0,0.0,0.0,1,1,0,0,0,1.0,1.0,1.0,nan,nan
138,Aud_ST_1_L,0.0,536.0,0.0,0.0,6,4,0,0,0,1.0,1.0,0.97,nan,nan
139,Aud_ST_2_L,0.0,369.0,0.0,0.0,1,1,0,0,0,1.0,1.0,1.0,nan,nan
140,Aud_ST_3_L,0.0,209.0,0.0,0.0,1,1,0,0,0,0.991429,0.990667,1.0,nan,nan
141,Aud_ST_4_L,0.0,0.0,114.624,30471.418624,1,5,0,0,0,0.048571,0.071333,0.346,-inf,-inf
142,Aud_ST_5_L,0.0,104.0,0.8,79.36,1,1,0,0,0,0.991429,0.990667,1.0,nan,nan
143,Aud_ST_6_L,0.0,443.0,0.0,0.0,1,1,0,0,0,1.0,1.0,1.0,nan,nan
144,Aud_ST_7_L,0.0,52.0,54.368,11164.440576,1,1,0,0,0,0.537143,0.496,0.754,-inf,nan
145,Aud_TempPole_1_L,0.0,0.0,129.64,28733.9984,2,2,0,0,0,0.074286,0.052667,0.412,-inf,-inf
146,SomMotA_ParOper_1_L,0.0,0.0,114.6,29731.592,3,0,0,0,0,0.087143,0.108667,0.418,-inf,nan
147,SomMotA_1_L,74.465012,968.0,0.0,0.0,5,4,0,0,0,1.0,1.0,0.97,nan,nan
148,SomMotA_2_L,63.694439,842.0,0.0,0.0,5,4,0,0,0,1.0,1.0,0.97,nan,nan
149,SomMotA_3_L,0.0,520.0,0.0,0.0,6,4,0,0,0,1.0,1.0,0.97,nan,nan
150,SomMotA_4_L,0.0,0.0,112.256,27636.862464,3,0,0,0,0,0.108571,0.108667,0.382,-inf,nan
151,SomMotA_5_L,0.0,0.0,107.616,27346.508544,3,0,0,0,0,0.117143,0.122667,0.442,-inf,-inf
152,SomMotA_6_L,87.64754,1056.0,0.0,0.0,6,4,0,0,0,1.0,1.0,0.97,nan,nan
153,SomMotA_7_L,36.721527,778.0,0.0,0.0,6,4,0,0,0,1.0,1.0,0.97,nan,nan
154,SomMotA_8_L,0.0,99.0,0.8,79.36,5,4,0,0,0,0.742857,0.762,0.97,nan,nan
155,SomMotA_9_L,71.35399,1036.0,0.0,0.0,6,4,0,0,0,1.0,1.0,0.97,nan,nan
156,SomMotA_10_L,129.556065,1567.0,0.0,0.0,5,4,0,0,0,1.0,1.0,0.97,nan,nan
157,SomMotA_11_L,69.448799,945.0,0.0,0.0,5,4,0,0,0,1.0,1.0,0.97,nan,nan
158,SomMotA_12_L,60.884723,704.0,0.0,0.0,5,4,0,0,0,1.0,1.0,0.97,nan,nan
159,SomMotB_Ins_1_L,0.0,755.0,96.744,1.798464,2,2,0,0,0,1.0,1.0,1.0,nan,nan
160,SomMotB_ParOper_1_L,15.841334,944.0,0.0,0.0,6,4,0,0,0,1.0,1.0,0.97,nan,nan
161,SomMotB_ParOper_2_L,0.0,0.0,133.432,35078.349376,4,3,0,0,0,0.091429,0.071333,0.328,-inf,nan
162,SomMotB_1_L,73.286051,1178.0,0.0,0.0,5,4,0,0,0,1.0,1.0,0.97,nan,nan
163,SomMotB_2_L,64.263625,799.0,0.0,0.0,6,4,0,0,0,0.79,1.0,0.97,nan,nan
164,SomMotB_3_L,33.171698,464.0,0.0,0.0,5,4,0,0,0,1.0,1.0,0.97,nan,nan
165,SomMotB_4_L,40.132225,434.0,0.0,0.0,5,4,0,0,0,1.0,1.0,0.97,nan,nan
166,SomMotB_5_L,0.0,0.0,147.928,37091.306816,2,0,0,0,0,0.07,0.057333,0.388,-inf,nan
167,SomMotB_6_L,0.0,0.0,125.064,34623.459904,3,0,0,0,0,0.052857,0.062,0.388,-inf,nan
168,SomMotB_7_L,0.0,0.0,109.6,26703.552,3,0,0,0,0,0.112857,0.113333,0.478,-inf,nan
169,SomMotB_8_L,0.0,0.0,124.616,32389.620544,3,0,0,0,0,0.048571,0.066667,0.418,-inf,-inf
170,SomMotB_9_L,0.0,0.0,122.136,37658.461504,3,5,0,0,0,0.082857,0.062,0.352,-inf,-inf
171,VisualA_ExStr_1_L,0.0,0.0,110.272,28820.822016,3,5,0,0,0,0.048571,0.09,0.34,-inf,nan
172,VisualA_ExStr_2_L,0.0,52.0,107.848,2913.912896,4,3,1,0,0,0.614286,0.58,0.46,-inf,-inf
173,VisualA_ExStr_3_L,0.0,52.0,87.464,7018.672704,3,0,0,0,0,0.567143,0.528667,0.424,-inf,-inf
174,VisualA_ExStr_4_L,0.0,0.0,133.04,35879.3344,3,0,0,0,0,0.147143,0.174,0.442,-inf,nan
175,VisualA_ExStr_5_L,0.0,0.0,126.36,36279.4704,3,0,0,0,0,0.095714,0.118,0.388,-inf,nan
176,VisualA_ExStr_6_L,0.0,0.0,86.84,21164.1744,3,0,0,0,0,0.13,0.118,0.526,-inf,nan
177,VisualA_ExStr_7_L,0.0,153.0,0.0,0.0,1,1,0,0,0,1.0,1.0,1.0,nan,nan
178,VisualA_ExStr_8_L,0.0,0.0,109.664,28424.591104,3,0,0,0,0,0.168571,0.150667,0.472,-inf,nan
179,VisualA_ExStr_9_L,0.0,0.0,102.128,28158.415616,3,0,0,0,0,0.194286,0.206667,0.412,-inf,nan
180,VisualA_ExStr_10_L,0.0,0.0,136.504,34983.569984,3,0,0,0,0,0.065714,0.076,0.31,-inf,-inf
181,VisualA_ExStr_11_L,0.0,49.0,27.408,3148.385536,1,1,0,0,0,0.382857,0.328,0.742,nan,nan
182,VisualA_PrC_1_L,41.401566,522.0,96.744,1.798464,2,2,0,0,0,1.0,1.0,1.0,nan,nan
183,VisualA_SPL_1_L,0.0,51.0,100.712,6155.093056,4,3,1,0,0,0.614286,0.594,0.484,-inf,-inf
184,VisualB_ExStrInf_1_L,0.0,0.0,129.544,37071.008064,3,0,0,0,0,0.091429,0.09,0.394,-inf,-inf
185,VisualB_ExStrInf_2_L,0.0,0.0,122.168,30742.483776,3,0,0,0,0,0.074286,0.094667,0.358,-inf,-inf
186,VisualB_ExStrInf_3_L,0.0,0.0,101.976,26261.295424,3,5,0,0,0,0.082857,0.127333,0.406,-inf,-inf
187,VisualB_ExStrInf_4_L,0.0,0.0,128.464,36844.744704,3,0,0,0,0,0.074286,0.062,0.412,-inf,nan
188,VisualB_ExStrSup_1_L,0.0,149.0,37.696,0.547584,3,0,0,0,0,1.0,1.0,1.0,nan,nan
189,VisualB_ExStrSup_2_L,0.0,260.0,37.696,0.547584,3,0,0,0,0,1.0,1.0,1.0,nan,nan
190,VisualB_ExStrSup_3_L,0.0,0.0,114.288,30212.205056,3,5,0,0,0,0.095714,0.113333,0.34,-inf,nan
191,VisualB_ExStrSup_4_L,5.021727,106.0,37.696,0.547584,3,0,0,0,0,1.0,1.0,1.0,nan,nan
192,VisualB_ExStrSup_5_L,0.0,0.0,111.768,23623.770176,2,0,0,0,0,0.065714,0.071333,0.412,-inf,nan
193,VisualB_Striate_1_L,0.0,53.0,117.416,7049.594944,4,3,1,0,0,0.597143,0.561333,0.46,-inf,-inf
194,VisualB_Striate_2_L,0.0,0.0,119.624,31165.922624,3,0,0,0,0,0.134286,0.169333,0.448,-inf,nan
195,VisualB_Striate_3_L,0.0,52.0,104.128,3903.919616,4,3,1,0,0,0.55,0.51,0.376,-inf,-inf
196,VisualC_ExStr_1_L,0.0,53.0,135.816,1212.846144,4,3,1,0,0,0.871429,0.86,0.82,-inf,-inf
197,VisualC_ExStr_2_L,0.0,0.0,110.256,31142.846464,3,0,0,0,0,0.16,0.136667,0.448,-inf,nan
198,VisualC_ExStr_3_L,0.0,0.0,139.112,36311.867456,3,0,0,0,0,0.065714,0.104,0.484,-inf,-inf
199,VisualC_Striate_1_L,0.0,102.0,120.312,3072.046656,4,3,1,0,0,0.678571,0.65,0.556,-inf,nan
200,DefaultA_IPL_1_R,220.382956,1760.0,4.0,0.0,12,5,2,0,0,1.0,1.0,1.0,-inf,-inf
201,DefaultA_PCC_1_R,79.038196,621.0,407.256,19.750464,0,0,0,0,0,1.0,1.0,1.0,nan,nan
202,DefaultA_PFCd_1_R,364.500489,2084.0,620.448,1029.527296,9,6,1,0,0,1.0,1.0,1.0,-inf,-inf
203,DefaultA_PFCm_1_R,212.86591,1724.0,407.256,19.750464,0,0,0,0,0,1.0,1.0,1.0,nan,nan
204,DefaultA_PFCm_2_R,258.782751,2235.0,76.288,1.645056,11,2,0,0,0,1.0,1.0,1.0,nan,nan
205,DefaultA_PFCm_3_R,136.275383,845.0,407.256,19.750464,0,0,0,0,0,1.0,1.0,1.0,nan,nan
206,DefaultA_PFCm_4_R,0.0,0.0,135.784,38794.593344,3,0,0,0,0,0.078571,0.104,0.442,-inf,-inf
207,DefaultA_PHC_1_R,62.805586,1894.0,148.272,1.398016,4,3,1,0,0,1.0,1.0,1.0,-inf,-inf
208,DefaultA_Temp_1_R,51.366656,849.0,148.272,1.398016,4,3,1,0,0,1.0,1.0,1.0,-inf,-inf
209,DefaultA_Temp_2_R,194.822322,2214.0,148.272,1.398016,4,3,1,0,0,1.0,1.0,1.0,-inf,-inf
210,DefaultA_Temp_3_R,113.091775,1477.0,0.0,0.0,13,5,2,0,0,1.0,1.0,1.0,-inf,-inf
211,DefaultA_TempPole_1_R,17.15195,279.0,0.0,0.0,13,5,2,0,0,1.0,1.0,1.0,-inf,-inf
212,DefaultA_TempPole_2_R,0.0,0.0,111.072,32928.642816,3,0,0,0,0,0.1,0.099333,0.43,-inf,nan
213,DefaultA_pCun_1_R,59.869051,441.0,37.696,0.547584,3,0,0,0,0,1.0,1.0,1.0,nan,nan
214,DefaultB_FPole_1_R,114.591497,684.0,407.256,19.750464,0,0,0,0,0,1.0,1.0,1.0,nan,nan
215,DefaultB_IPL_1_R,212.238108,1619.0,4.0,0.0,12,5,2,0,0,1.0,1.0,1.0,-inf,-inf
216,DefaultB_PFCd_1_R,576.19912,4277.0,620.448,1029.527296,9,6,1,0,0,1.0,1.0,1.0,-inf,-inf
217,DefaultB_PFCd_2_R,302.10556,2203.0,76.288,1.645056,11,2,0,0,0,1.0,1.0,1.0,nan,nan
218,DefaultB_PFCd_3_R,233.387972,1780.0,407.256,19.750464,0,0,0,0,0,1.0,1.0,1.0,nan,nan
219,DefaultB_PFCd_4_R,294.947572,2533.0,76.288,1.645056,11,2,0,0,0,1.0,1.0,1.0,nan,nan
220,DefaultB_PFCv_1_R,64.916206,218.0,148.272,1.398016,4,3,1,0,0,1.0,1.0,1.0,-inf,-inf
221,DefaultB_Temp_1_R,150.708455,1192.0,0.0,0.0,13,5,2,0,0,1.0,1.0,1.0,-inf,-inf
222,DefaultB_Temp_2_R,91.16493,765.0,0.0,0.0,13,5,2,0,0,1.0,1.0,1.0,-inf,-inf
223,DefaultB_TempPole_1_R,81.395572,1839.0,148.272,1.398016,4,3,1,0,0,1.0,1.0,1.0,-inf,-inf
224,DefaultB_pCun_1_R,71.971844,549.0,37.696,0.547584,3,0,0,0,0,1.0,1.0,1.0,nan,nan
225,DefaultC_IPL_1_R,123.7507,1198.0,0.0,0.0,13,5,2,0,0,1.0,1.0,1.0,-inf,-inf
226,DefaultC_IPL_2_R,174.519412,1758.0,0.0,0.0,13,5,2,0,0,1.0,1.0,1.0,-inf,-inf
227,DefaultC_IPL_3_R,150.166277,1119.0,4.0,0.0,12,5,2,0,0,1.0,1.0,1.0,-inf,-inf
228,DefaultC_PFCd_1_R,437.784801,2728.0,620.448,1029.527296,9,6,1,0,0,1.0,1.0,1.0,-inf,-inf
229,DefaultC_PHC_1_R,39.929305,570.0,37.696,0.547584,3,0,0,0,0,1.0,1.0,1.0,nan,nan
230,DefaultC_PHC_2_R,60.310848,646.0,0.0,0.0,13,5,2,0,0,1.0,1.0,1.0,-inf,-inf
231,DefaultC_RSC_1_R,22.39752,254.0,37.696,0.547584,3,0,0,0,0,1.0,1.0,1.0,nan,nan
232,DefaultC_RSC_2_R,89.465467,811.0,37.696,0.547584,3,0,0,0,0,1.0,1.0,1.0,nan,nan
233,DefaultC_RSC_3_R,76.538958,584.0,37.696,0.547584,3,0,0,0,0,1.0,1.0,1.0,nan,nan
234,DefaultC_pCun_1_R,64.834112,489.0,37.696,0.547584,3,0,0,0,0,1.0,1.0,1.0,nan,nan
235,DefaultC_pCun_2_R,52.186183,417.0,37.696,0.547584,3,0,0,0,0,1.0,1.0,1.0,nan,nan
236,Language_IFG_1_R,188.495647,786.0,620.448,1029.527296,9,6,1,0,0,1.0,1.0,1.0,-inf,-inf
237,Language_PFCd_1_R,561.441751,4065.0,620.448,1029.527296,9,6,1,0,0,1.0,1.0,1.0,-inf,-inf
238,Language_PFCl_1_R,513.381945,3369.0,620.448,1029.527296,9,6,1,0,0,1.0,1.0,1.0,-inf,-inf
239,Language_PFCl_2_R,560.129909,3222.0,620.448,1029.527296,9,6,1,0,0,1.0,1.0,1.0,-inf,-inf
240,Language_Temp_1_R,136.187189,1083.0,0.0,0.0,13,5,2,0,0,1.0,1.0,1.0,-inf,-inf
241,Language_Temp_2_R,118.020829,1213.0,148.272,1.398016,4,3,1,0,0,1.0,1.0,1.0,-inf,-inf
242,Language_TempPole_1_R,109.068858,1247.0,0.0,0.0,13,5,2,0,0,1.0,1.0,1.0,-inf,-inf
243,Language_TempPole_2_R,10.801819,525.0,148.272,1.398016,4,3,1,0,0,1.0,1.0,1.0,-inf,-inf
244,ContA_Cingm_1_R,312.229339,2218.0,226.296,313.528384,10,3,1,0,0,1.0,1.0,1.0,-inf,-inf
245,ContA_IPS_1_R,120.617292,886.0,4.0,0.0,12,5,2,0,0,1.0,1.0,1.0,-inf,-inf
246,ContA_IPS_2_R,189.685233,1463.0,4.0,0.0,12,5,2,0,0,1.0,1.0,1.0,-inf,-inf
247,ContA_IPS_3_R,152.004926,1362.0,2.384,3.852544,12,5,2,0,0,0.567143,1.0,1.0,-inf,-inf
248,ContA_IPS_4_R,135.223388,1213.0,32.608,87.438336,7,5,2,0,0,0.897143,1.0,1.0,-inf,-inf
249,ContA_OFC_1_R,10.844984,156.0,148.272,1.398016,4,3,1,0,0,1.0,1.0,1.0,-inf,-inf
250,ContA_PFCd_1_R,522.518701,4033.0,254.136,11660.221504,10,3,1,0,0,0.935714,0.93,1.0,-inf,-inf
251,ContA_PFCl_1_R,624.098843,4266.0,620.448,1029.527296,9,6,1,0,0,1.0,1.0,1.0,-inf,-inf
252,ContA_PFCl_2_R,508.487497,2950.0,620.448,1029.527296,9,6,1,0,0,1.0,1.0,1.0,-inf,-inf
253,ContA_PFCl_3_R,543.565903,2782.0,620.448,1029.527296,9,6,1,0,0,1.0,1.0,1.0,-inf,-inf
254,ContA_PFCmp_1_R,419.669951,3464.0,76.288,1.645056,11,2,0,0,0,1.0,1.0,1.0,nan,nan
255,ContA_SPL_1_R,38.204827,629.0,37.696,0.547584,3,0,0,0,0,1.0,1.0,1.0,nan,nan
256,ContA_Temp_1_R,286.885089,2513.0,0.0,0.0,13,5,2,0,0,1.0,1.0,1.0,-inf,-inf
257,ContB_FPole_1_R,361.598739,2092.0,620.448,1029.527296,9,6,1,0,0,1.0,1.0,1.0,-inf,-inf
258,ContB_IFG_1_R,581.971434,3252.0,620.448,1029.527296,9,6,1,0,0,1.0,1.0,1.0,-inf,-inf
259,ContB_IPL_1_R,207.49837,1622.0,4.0,0.0,12,5,2,0,0,1.0,1.0,1.0,-inf,-inf
260,ContB_IPL_2_R,239.776986,2020.0,0.464,1.640704,13,5,2,0,0,0.875714,1.0,1.0,-inf,-inf
261,ContB_IPS_1_R,236.017484,1854.0,4.0,0.0,12,5,2,0,0,1.0,1.0,1.0,-inf,-inf
262,ContB_OFC_1_R,275.309558,1253.0,620.448,1029.527296,9,6,1,0,0,1.0,1.0,1.0,-inf,-inf
263,ContB_OFC_2_R,44.386505,60.0,148.272,1.398016,4,3,1,0,0,1.0,1.0,1.0,-inf,-inf
264,ContB_OFC_3_R,20.459388,0.0,378.2,10096.648,0,0,0,0,0,0.914286,1.0,1.0,nan,nan
265,ContB_PCC_1_R,71.47472,589.0,37.696,0.547584,3,0,0,0,0,1.0,1.0,1.0,nan,nan
266,ContB_PFCd_1_R,687.737339,5199.0,620.448,1029.527296,9,6,1,0,0,1.0,1.0,1.0,-inf,-inf
267,ContB_PFCl_2_R,640.693482,4435.0,620.448,1029.527296,9,6,1,0,0,1.0,1.0,1.0,-inf,-inf
268,ContB_PFCmp_1_R,400.323178,3415.0,76.288,1.645056,11,2,0,0,0,1.0,1.0,1.0,nan,nan
269,ContB_Temp_1_R,197.759028,1750.0,0.0,0.0,13,5,2,0,0,1.0,1.0,1.0,-inf,-inf
270,ContC_Cingp_1_R,166.617939,1428.0,226.296,313.528384,10,3,1,0,0,1.0,1.0,1.0,-inf,-inf
271,ContC_Cingp_2_R,69.848529,532.0,37.696,0.547584,3,0,0,0,0,1.0,1.0,1.0,nan,nan
272,ContC_IPL_1_R,136.733324,1001.0,4.0,0.0,12,5,2,0,0,1.0,1.0,1.0,-inf,-inf
273,ContC_Ins_1_R,152.642987,410.0,620.448,1029.527296,9,6,1,0,0,1.0,1.0,1.0,-inf,-inf
274,ContC_OFC_1_R,50.789124,278.0,148.272,1.398016,4,3,1,0,0,1.0,1.0,1.0,-inf,-inf
275,ContC_OFC_2_R,0.0,0.0,92.792,25152.796736,3,5,0,0,0,0.078571,0.122667,0.394,-inf,nan
276,ContC_PCC_1_R,15.92033,0.0,215.152,33302.992896,0,0,0,0,0,0.434286,0.892667,1.0,nan,nan
277,ContC_PFCl_1_R,405.164857,2108.0,620.448,1029.527296,9,6,1,0,0,1.0,1.0,1.0,-inf,-inf
278,ContC_PFCl_2_R,500.953265,2925.0,620.448,1029.527296,9,6,1,0,0,1.0,1.0,1.0,-inf,-inf
279,ContC_PFCl_3_R,234.160175,1181.0,620.448,1029.527296,9,6,1,0,0,1.0,1.0,1.0,-inf,-inf
280,ContC_PFCm_1_R,251.895827,2066.0,76.288,1.645056,11,2,0,0,0,1.0,1.0,1.0,nan,nan
281,ContC_PFCm_2_R,146.374564,799.0,76.288,1.645056,11,2,0,0,0,1.0,1.0,1.0,nan,nan
282,ContC_PFCm_3_R,353.592965,1729.0,407.256,19.750464,0,0,0,0,0,1.0,1.0,1.0,nan,nan
283,ContC_pCun_1_R,48.911157,574.0,37.696,0.547584,3,0,0,0,0,1.0,1.0,1.0,nan,nan
284,SalVenAttnA_FrMed_1_R,317.745138,2962.0,4.0,0.0,14,1,0,0,0,1.0,1.0,1.0,nan,nan
285,SalVenAttnA_FrMed_2_R,384.311426,3229.0,76.288,1.645056,11,2,0,0,0,1.0,1.0,1.0,nan,nan
286,SalVenAttnA_FrMed_3_R,210.344875,1768.0,76.288,1.645056,11,2,0,0,0,1.0,1.0,1.0,nan,nan
287,SalVenAttnA_FrOper_1_R,371.601522,1836.0,226.296,313.528384,10,3,1,0,0,1.0,1.0,1.0,-inf,-inf
288,SalVenAttnA_FrOper_2_R,311.568846,1848.0,226.296,313.528384,10,3,1,0,0,1.0,1.0,1.0,-inf,-inf
289,SalVenAttnA_IPL_1_R,214.475973,1413.0,4.0,0.0,12,5,2,0,0,1.0,1.0,1.0,-inf,-inf
290,SalVenAttnA_IPL_2_R,66.680481,334.0,28.832,177.995776,7,5,2,0,0,0.76,1.0,1.0,-inf,-inf
291,SalVenAttnA_Ins_1_R,663.132135,4306.0,620.448,1029.527296,9,6,1,0,0,1.0,1.0,1.0,-inf,-inf
292,SalVenAttnA_Ins_2_R,445.891453,3174.0,238.152,5026.904896,10,3,1,0,0,0.974286,0.972,1.0,-inf,-inf
293,SalVenAttnA_Ins_3_R,78.355161,1528.0,148.272,1.398016,4,3,1,0,0,1.0,1.0,1.0,-inf,-inf
294,SalVenAttnA_PFCmp_1_R,310.512345,2329.0,76.288,1.645056,11,2,0,0,0,1.0,1.0,1.0,nan,nan
295,SalVenAttnA_SPL_1_R,61.892048,576.0,0.0,0.0,8,1,0,0,0,1.0,1.0,1.0,nan,nan
296,SalVenAttnA_SPL_2_R,55.968898,965.0,0.0,0.0,8,1,0,0,0,1.0,1.0,1.0,nan,nan
297,SalVenAttnB_IFG_1_R,586.826079,3234.0,620.448,1029.527296,9,6,1,0,0,1.0,1.0,1.0,-inf,-inf
298,SalVenAttnB_IPL_1_R,127.276456,856.0,4.0,0.0,12,5,2,0,0,1.0,1.0,1.0,-inf,-inf
299,SalVenAttnB_IPL_2_R,199.27731,1342.0,4.0,0.0,12,5,2,0,0,1.0,1.0,1.0,-inf,-inf
300,SalVenAttnB_IPL_3_R,118.617697,872.0,4.0,0.0,12,5,2,0,0,1.0,1.0,1.0,-inf,-inf
301,SalVenAttnB_Ins_1_R,570.460046,3098.0,620.448,1029.527296,9,6,1,0,0,1.0,1.0,1.0,-inf,-inf
302,SalVenAttnB_Ins_2_R,192.892646,617.0,620.448,1029.527296,9,6,1,0,0,1.0,1.0,1.0,-inf,-inf
303,SalVenAttnB_Ins_3_R,346.943377,4282.0,148.272,1.398016,4,3,1,0,0,1.0,1.0,1.0,-inf,-inf
304,SalVenAttnB_OFC_1_R,20.455919,370.0,148.272,1.398016,4,3,1,0,0,1.0,1.0,1.0,-inf,-inf
305,SalVenAttnB_PFCd_1_R,318.033988,2349.0,4.0,0.0,14,1,0,0,0,1.0,1.0,1.0,nan,nan
306,SalVenAttnB_PFCl_1_R,503.870279,3229.0,226.296,313.528384,10,3,1,0,0,1.0,1.0,1.0,-inf,-inf
307,SalVenAttnB_PFCl_2_R,314.684171,1878.0,620.448,1029.527296,9,6,1,0,0,1.0,1.0,1.0,-inf,-inf
308,SalVenAttnB_PFCl_3_R,388.020493,1800.0,620.448,1029.527296,9,6,1,0,0,1.0,1.0,1.0,-inf,-inf
309,SalVenAttnB_SPL_1_R,53.798656,1015.0,0.0,0.0,8,1,0,0,0,1.0,1.0,1.0,nan,nan
310,SalVenAttnB_Temp_1_R,174.365529,1419.0,2.944,3.108864,12,5,2,0,0,0.717143,1.0,1.0,-inf,-inf
311,SalVenAttnB_Temp_2_R,160.319761,1593.0,0.0,0.0,13,5,2,0,0,1.0,1.0,1.0,-inf,-inf
312,DorsAttnA_IPS_1_R,182.053776,1213.0,4.0,0.0,12,5,2,0,0,1.0,1.0,1.0,-inf,-inf
313,DorsAttnA_IPS_2_R,230.321809,1711.0,4.0,0.0,12,5,2,0,0,1.0,1.0,1.0,-inf,-inf
314,DorsAttnA_PrCd_1_R,522.936615,3925.0,226.296,313.528384,10,3,1,0,0,1.0,1.0,1.0,-inf,-inf
315,DorsAttnA_PrCv_1_R,503.027227,2818.0,400.808,40655.075136,10,3,1,0,0,0.58,0.542667,1.0,-inf,-inf
316,DorsAttnA_SPL_1_R,70.919176,1593.0,0.0,0.0,8,1,0,0,0,1.0,1.0,1.0,nan,nan
317,DorsAttnA_SPL_2_R,44.35182,1038.0,35.552,0.695296,7,5,2,0,0,1.0,1.0,1.0,-inf,-inf
318,DorsAttnA_SPL_3_R,71.440339,960.0,37.696,0.547584,3,0,0,0,0,1.0,1.0,1.0,nan,nan
319,DorsAttnA_SPL_4_R,43.057386,481.0,37.696,0.547584,3,0,0,0,0,1.0,1.0,1.0,nan,nan
320,DorsAttnA_TempOcc_1_R,250.613069,2288.0,0.0,0.0,13,5,2,0,0,1.0,1.0,1.0,-inf,-inf
321,DorsAttnA_TempOcc_2_R,177.19441,1707.0,0.0,0.0,13,5,2,0,0,1.0,1.0,1.0,-inf,-inf
322,DorsAttnA_TempPole_1_R,0.0,0.0,112.816,30819.878144,3,0,0,0,0,0.065714,0.104,0.478,-inf,-inf
323,DorsAttnB_IPL_1_R,51.291517,54.0,35.552,0.695296,7,5,2,0,0,1.0,1.0,1.0,-inf,-inf
324,DorsAttnB_IPL_2_R,56.058548,158.0,35.552,0.695296,7,5,2,0,0,1.0,1.0,1.0,-inf,-inf
325,DorsAttnB_PostC_1_R,65.205362,103.0,35.552,0.695296,7,5,2,0,0,1.0,1.0,1.0,-inf,-inf
326,DorsAttnB_PostC_2_R,115.602606,528.0,35.552,0.695296,7,5,2,0,0,1.0,1.0,1.0,-inf,-inf
327,DorsAttnB_PostC_3_R,105.639762,814.0,35.552,0.695296,7,5,2,0,0,1.0,1.0,1.0,-inf,-inf
328,DorsAttnB_PrCd_1_R,330.004713,2785.0,4.0,0.0,14,1,0,0,0,1.0,1.0,1.0,nan,nan
329,DorsAttnB_PrCd_2_R,246.84802,1729.0,4.0,0.0,14,1,0,0,0,1.0,1.0,1.0,nan,nan
330,DorsAttnB_PrCd_3_R,388.613375,3166.0,4.0,0.0,14,1,0,0,0,1.0,1.0,1.0,nan,nan
331,DorsAttnB_PrCv_1_R,394.108518,2064.0,226.296,313.528384,10,3,1,0,0,1.0,1.0,1.0,-inf,-inf
332,DorsAttnB_SPL_1_R,94.92603,968.0,35.552,0.695296,7,5,2,0,0,1.0,1.0,1.0,-inf,-inf
333,DorsAttnB_SPL_2_R,164.789457,1911.0,35.552,0.695296,7,5,2,0,0,1.0,1.0,1.0,-inf,-inf
334,DorsAttnB_SPL_3_R,64.705882,1118.0,0.0,0.0,8,1,0,0,0,1.0,1.0,1.0,nan,nan
335,Aud_Ins_1_R,504.724401,4814.0,148.272,1.398016,4,3,1,0,0,1.0,1.0,1.0,-inf,-inf
336,Aud_ParOcc_1_R,142.038002,1152.0,2.048,3.997696,12,5,2,0,0,0.477143,1.0,1.0,-inf,-inf
337,Aud_ParOper_1_R,236.823025,1659.0,4.0,0.0,12,5,2,0,0,1.0,1.0,1.0,-inf,-inf
338,Aud_ST_1_R,171.633134,1198.0,148.272,1.398016,4,3,1,0,0,1.0,1.0,1.0,-inf,-inf
339,Aud_ST_2_R,175.623314,1705.0,148.272,1.398016,4,3,1,0,0,1.0,1.0,1.0,-inf,-inf
340,Aud_ST_3_R,92.939798,782.0,148.272,1.398016,4,3,1,0,0,1.0,1.0,1.0,-inf,-inf
341,Aud_ST_4_R,134.123578,944.0,4.0,0.0,12,5,2,0,0,1.0,1.0,1.0,-inf,-inf
342,Aud_ST_5_R,195.798939,1833.0,148.272,1.398016,4,3,1,0,0,1.0,1.0,1.0,-inf,-inf
343,Aud_Temp_1_R,114.984812,861.0,4.0,0.0,12,5,2,0,0,1.0,1.0,1.0,-inf,-inf
344,SomMotA_ParOper_1_R,81.570401,326.0,35.552,0.695296,7,5,2,0,0,1.0,1.0,1.0,-inf,-inf
345,SomMotA_1_R,241.774898,2178.0,4.0,0.0,14,1,0,0,0,1.0,1.0,1.0,nan,nan
346,SomMotA_2_R,266.297203,2429.0,35.552,0.695296,7,5,2,0,0,1.0,1.0,1.0,-inf,-inf
347,SomMotA_3_R,120.067439,878.0,35.552,0.695296,7,5,2,0,0,1.0,1.0,1.0,-inf,-inf
348,SomMotA_4_R,54.422204,55.0,35.552,0.695296,7,5,2,0,0,1.0,1.0,1.0,-inf,-inf
349,SomMotA_5_R,112.514814,1422.0,0.0,0.0,8,1,0,0,0,1.0,1.0,1.0,nan,nan
350,SomMotA_6_R,140.294104,1378.0,35.552,0.695296,7,5,2,0,0,1.0,1.0,1.0,-inf,-inf
351,SomMotA_7_R,141.092689,1361.0,35.552,0.695296,7,5,2,0,0,1.0,1.0,1.0,-inf,-inf
352,SomMotA_8_R,71.281154,305.0,35.552,0.695296,7,5,2,0,0,1.0,1.0,1.0,-inf,-inf
353,SomMotA_9_R,93.01907,1224.0,0.0,0.0,8,1,0,0,0,1.0,1.0,1.0,nan,nan
354,SomMotA_10_R,132.409518,1678.0,0.0,0.0,8,1,0,0,0,1.0,1.0,1.0,nan,nan
355,SomMotA_11_R,106.250864,1344.0,0.0,0.0,8,1,0,0,0,1.0,1.0,1.0,nan,nan
356,SomMotA_12_R,148.533176,1361.0,76.288,1.645056,11,2,0,0,0,1.0,1.0,1.0,nan,nan
357,SomMotB_Ins_1_R,600.513197,4983.0,226.296,313.528384,10,3,1,0,0,1.0,1.0,1.0,-inf,-inf
358,SomMotB_Ins_2_R,166.720119,1483.0,148.272,1.398016,4,3,1,0,0,1.0,1.0,1.0,-inf,-inf
359,SomMotB_ParOper_1_R,167.823603,528.0,35.552,0.695296,7,5,2,0,0,1.0,1.0,1.0,-inf,-inf
360,SomMotB_ParOper_2_R,51.957679,211.0,35.552,0.695296,7,5,2,0,0,1.0,1.0,1.0,-inf,-inf
361,SomMotB_1_R,141.517399,1328.0,0.0,0.0,8,1,0,0,0,1.0,1.0,1.0,nan,nan
362,SomMotB_2_R,108.676912,1396.0,0.0,0.0,8,1,0,0,0,1.0,1.0,1.0,nan,nan
363,SomMotB_3_R,359.319398,2494.0,226.296,313.528384,10,3,1,0,0,1.0,1.0,1.0,-inf,-inf
364,SomMotB_4_R,50.420913,49.0,35.552,0.695296,7,5,2,0,0,1.0,1.0,1.0,-inf,-inf
365,SomMotB_5_R,341.926015,1873.0,226.296,313.528384,10,3,1,0,0,1.0,1.0,1.0,-inf,-inf
366,SomMotB_6_R,236.00662,1077.0,226.296,313.528384,10,3,1,0,0,1.0,1.0,1.0,-inf,-inf
367,SomMotB_7_R,70.615137,261.0,35.552,0.695296,7,5,2,0,0,1.0,1.0,1.0,-inf,-inf
368,VisualA_ExStr_1_R,52.601155,679.0,37.696,0.547584,3,0,0,0,0,1.0,1.0,1.0,nan,nan
369,VisualA_ExStr_2_R,170.651436,1814.0,0.0,0.0,13,5,2,0,0,1.0,1.0,1.0,-inf,-inf
370,VisualA_ExStr_3_R,43.213653,641.0,37.696,0.547584,3,0,0,0,0,1.0,1.0,1.0,nan,nan
371,VisualA_ExStr_4_R,75.817689,891.0,0.0,0.0,13,5,2,0,0,1.0,1.0,1.0,-inf,-inf
372,VisualA_ExStr_5_R,0.0,312.0,37.696,0.547584,3,0,0,0,0,1.0,1.0,1.0,nan,nan
373,VisualA_ExStr_6_R,22.782789,373.0,32.376,103.554624,7,5,2,0,0,0.901429,1.0,1.0,-inf,-inf
374,VisualA_ExStr_7_R,135.290355,1287.0,0.0,0.0,13,5,2,0,0,1.0,1.0,1.0,-inf,-inf
375,VisualA_ExStr_8_R,156.353704,1509.0,0.0,0.0,13,5,2,0,0,1.0,1.0,1.0,-inf,-inf
376,VisualA_ExStr_9_R,0.0,217.0,37.376,11.834624,3,0,0,0,0,0.982857,0.981333,0.976,nan,nan
377,VisualA_ExStr_10_R,37.48022,482.0,37.696,0.547584,3,0,0,0,0,1.0,1.0,1.0,nan,nan
378,VisualA_ExStr_11_R,8.207568,73.0,24.848,5751.280896,13,5,2,0,0,0.704286,0.766667,0.7,-inf,-inf
379,VisualA_ExStr_12_R,23.894736,234.0,0.0,0.0,13,5,2,0,0,1.0,1.0,1.0,-inf,-inf
380,VisualA_PrC_1_R,530.645982,3762.0,226.296,313.528384,10,3,1,0,0,1.0,1.0,1.0,-inf,-inf
381,VisualA_SPL_1_R,164.576693,1405.0,35.552,0.695296,7,5,2,0,0,1.0,1.0,1.0,-inf,-inf
382,VisualA_SPL_2_R,191.431461,2235.0,35.552,0.695296,7,5,2,0,0,1.0,1.0,1.0,-inf,-inf
383,VisualB_ExStrInf_1_R,21.678359,379.0,37.696,0.547584,3,0,0,0,0,1.0,1.0,1.0,nan,nan
384,VisualB_ExStrInf_2_R,5.206683,210.0,37.696,0.547584,3,0,0,0,0,1.0,1.0,1.0,nan,nan
385,VisualB_ExStrInf_3_R,0.0,0.0,122.36,32911.3424,3,0,0,0,0,0.177143,0.169333,0.418,-inf,-inf
386,VisualB_ExStrInf_4_R,29.707869,270.0,37.696,0.547584,3,0,0,0,0,1.0,1.0,1.0,nan,nan
387,VisualB_ExStrSup_1_R,32.084066,633.0,37.696,0.547584,3,0,0,0,0,1.0,1.0,1.0,nan,nan
388,VisualB_ExStrSup_2_R,59.158705,845.0,37.696,0.547584,3,0,0,0,0,1.0,1.0,1.0,nan,nan
389,VisualB_ExStrSup_3_R,5.196962,51.0,38.976,172.551424,3,0,0,0,0,0.97,0.967333,0.958,nan,nan
390,VisualB_ExStrSup_4_R,37.192349,671.0,37.696,0.547584,3,0,0,0,0,1.0,1.0,1.0,nan,nan
391,VisualB_ExStrSup_5_R,20.715201,363.0,37.696,0.547584,3,0,0,0,0,1.0,1.0,1.0,nan,nan
392,VisualB_SPL_1_R,87.241714,1166.0,0.0,0.0,8,1,0,0,0,1.0,1.0,1.0,nan,nan
393,VisualB_Striate_1_R,16.520823,637.0,37.696,0.547584,3,0,0,0,0,1.0,1.0,1.0,nan,nan
394,VisualB_Striate_2_R,0.0,162.0,36.752,33.802496,3,0,0,0,0,0.957143,0.953333,0.958,-inf,nan
395,VisualB_Striate_3_R,17.072111,816.0,37.696,0.547584,3,0,0,0,0,1.0,1.0,1.0,nan,nan
396,VisualC_ExStr_1_R,5.539203,319.0,37.696,0.547584,3,0,0,0,0,1.0,1.0,1.0,nan,nan
397,VisualC_ExStr_2_R,0.0,370.0,37.696,0.547584,3,0,0,0,0,1.0,1.0,1.0,nan,nan
398,VisualC_ExStr_3_R,34.016466,551.0,37.696,0.547584,3,0,0,0,0,1.0,1.0,1.0,nan,nan
399,VisualC_ExStr_4_R,0.0,107.0,34.224,111.437824,3,0,0,0,0,0.824286,0.808667,0.796,-inf,-inf
