roi_index,roi_name,behaviour_degree,cooccurrence_degree,block_edge_mean,block_edge_var,level_0,level_1,level_2,level_3,consistency_0,consistency_1,consistency_2,consistency_3
0,DefaultA_FPole_1_L,571.617843,1813.0,512.024,5.327424,0,0,0,0,1.0,1.0,1.0,nan
1,DefaultA_IPL_1_L,97.352057,522.0,0.0,0.0,1,1,1,0,1.0,1.0,1.0,-inf
2,DefaultA_IPL_2_L,32.649804,308.0,0.0,0.0,1,1,1,0,1.0,1.0,1.0,-inf
3,DefaultA_PCC_1_L,238.133246,901.0,512.024,5.327424,0,0,0,0,1.0,1.0,1.0,nan
4,DefaultA_PFCd_1_L,666.064131,2207.0,64.256,0.958464,2,0,0,0,1.0,1.0,1.0,nan
5,DefaultA_PFCm_1_L,433.537498,1363.0,512.024,5.327424,0,0,0,0,1.0,1.0,1.0,nan
6,DefaultA_PFCm_2_L,61.476734,459.0,512.024,5.327424,0,0,0,0,1.0,1.0,1.0,nan
7,DefaultA_PFCm_3_L,112.662171,565.0,512.024,5.327424,0,0,0,0,1.0,1.0,1.0,nan
8,DefaultA_PFCm_4_L,0.0,0.0,93.224,20778.997824,9,3,0,0,0.082857,0.136,0.118,-inf
9,DefaultA_PHC_1_L,38.605456,632.0,31.12,9.1456,4,3,0,0,1.0,1.0,1.0,nan
10,DefaultA_Temp_1_L,81.084158,436.0,0.0,0.0,1,1,1,0,1.0,1.0,1.0,-inf
11,DefaultA_Temp_2_L,150.528123,824.0,0.0,0.0,1,1,1,0,1.0,1.0,1.0,-inf
12,DefaultA_TempPole_1_L,0.0,0.0,124.24,36262.6304,0,3,0,0,0.112857,0.0784,0.166,-inf
13,DefaultA_pCun_1_L,319.981957,1098.0,512.024,5.327424,0,0,0,0,1.0,1.0,1.0,nan
14,DefaultB_FPole_1_L,487.959801,1476.0,512.024,5.327424,0,0,0,0,1.0,1.0,1.0,nan
15,DefaultB_IPL_1_L,31.70257,161.0,0.0,0.0,1,1,1,0,1.0,1.0,1.0,-inf
16,DefaultB_IPL_2_L,133.255357,832.0,0.0,0.0,1,1,1,0,1.0,1.0,1.0,-inf
17,DefaultB_PCC_1_L,16.435838,49.0,455.112,14662.779456,0,0,0,0,0.768571,0.7792,1.0,nan
18,DefaultB_PCC_2_L,289.661238,915.0,512.024,5.327424,0,0,0,0,1.0,1.0,1.0,nan
19,DefaultB_PFCd_1_L,1010.925777,3175.0,64.256,0.958464,2,0,0,0,1.0,1.0,1.0,nan
20,DefaultB_PFCd_2_L,931.282539,2960.0,64.256,0.958464,2,0,0,0,1.0,1.0,1.0,nan
21,DefaultB_PFCd_3_L,866.997609,2608.0,64.256,0.958464,2,0,0,0,1.0,1.0,1.0,nan
22,DefaultB_PFCd_4_L,668.466682,2282.0,512.024,5.327424,0,0,0,0,1.0,1.0,1.0,nan
23,DefaultB_PFCl_1_L,575.848849,2318.0,43.624,6.850624,5,4,2,0,1.0,1.0,1.0,-inf
24,DefaultB_PFCv_1_L,0.0,0.0,123.472,29807.081216,0,3,0,0,0.057143,0.1504,0.16,-inf
25,DefaultB_PFCv_2_L,0.0,0.0,97.552,22224.599296,4,3,0,0,0.104286,0.1504,0.214,-inf
26,DefaultB_Temp_1_L,129.871881,751.0,0.0,0.0,1,1,1,0,1.0,1.0,1.0,-inf
27,DefaultB_Temp_2_L,189.59921,1012.0,0.0,0.0,1,1,1,0,1.0,1.0,1.0,-inf
28,DefaultB_TempPole_1_L,202.917284,867.0,0.0,0.0,1,1,1,0,1.0,1.0,1.0,-inf
29,DefaultB_TempPole_2_L,33.67611,271.0,0.0,0.0,1,1,1,0,1.0,1.0,1.0,-inf
30,DefaultC_IPL_1_L,49.981851,459.0,0.0,0.0,1,1,1,0,1.0,1.0,1.0,-inf
31,DefaultC_PFCd_1_L,386.560798,1271.0,38.656,997.105664,2,0,0,0,0.571429,0.52,0.4,-inf
32,DefaultC_PFCd_2_L,295.793477,1102.0,64.256,0.958464,2,0,0,0,1.0,1.0,1.0,nan
33,DefaultC_PHC_1_L,110.256789,506.0,31.856,77.611264,4,3,0,0,0.991429,0.9904,1.0,nan
34,DefaultC_PHC_2_L,0.0,0.0,116.224,26342.573824,9,3,0,0,0.091429,0.184,0.202,-inf
35,DefaultC_RSC_1_L,95.093436,381.0,512.024,5.327424,0,0,0,0,1.0,1.0,1.0,nan
36,DefaultC_RSC_2_L,163.067238,585.0,512.024,5.327424,0,0,0,0,1.0,1.0,1.0,nan
37,DefaultC_RSC_3_L,133.163731,460.0,512.024,5.327424,0,0,0,0,1.0,1.0,1.0,nan
38,DefaultC_pCun_1_L,111.89984,521.0,31.12,9.1456,4,3,0,0,1.0,1.0,1.0,nan
39,DefaultC_pCun_2_L,95.538168,342.0,512.024,5.327424,0,0,0,0,1.0,1.0,1.0,nan
40,DefaultC_pCun_3_L,115.40664,584.0,512.024,5.327424,0,0,0,0,1.0,1.0,1.0,nan
41,Language_IFG_1_L,722.436311,3556.0,43.624,6.850624,5,4,2,0,1.0,1.0,1.0,-inf
42,Language_IFG_2_L,174.876434,882.0,43.624,6.850624,5,4,2,0,1.0,1.0,1.0,-inf
43,Language_IPL_1_L,30.735506,108.0,0.0,0.0,1,1,1,0,1.0,1.0,1.0,-inf
44,Language_PFCd_1_L,726.82834,2165.0,64.256,0.958464,2,0,0,0,1.0,1.0,1.0,nan
45,Language_PFCd_2_L,629.699377,1900.0,64.256,0.958464,2,0,0,0,1.0,1.0,1.0,nan
46,Language_PFCl_1_L,209.155732,1578.0,43.624,6.850624,5,4,2,0,1.0,1.0,1.0,-inf
47,Language_Temp_1_L,114.17725,900.0,0.0,0.0,1,1,1,0,1.0,1.0,1.0,-inf
48,Language_Temp_2_L,127.995051,649.0,0.0,0.0,1,1,1,0,1.0,1.0,1.0,-inf
49,Language_Temp_3_L,0.0,52.0,9.256,372.358464,1,1,1,0,0.695714,0.6592,0.574,-inf
50,Language_TempPole_1_L,122.825496,740.0,0.0,0.0,1,1,1,0,1.0,1.0,1.0,-inf
51,ContA_Cingm_1_L,754.590323,2078.0,64.256,0.958464,2,0,0,0,1.0,1.0,1.0,nan
52,ContA_IPS_1_L,0.0,44.0,8.792,350.588736,1,1,1,0,0.408571,0.3376,0.172,-inf
53,ContA_IPS_2_L,0.0,139.0,1.704,91.320384,8,4,2,0,0.524286,0.4864,0.358,-inf
54,ContA_IPS_3_L,0.0,45.0,6.496,237.065984,1,1,1,0,0.46,0.3952,0.244,-inf
55,ContA_Ins_1_L,0.0,44.0,370.464,20528.424704,9,3,0,0,0.425714,0.4096,0.988,nan
56,ContA_OFC_1_L,0.0,0.0,137.76,34559.3984,0,3,0,0,0.095714,0.1216,0.19,-inf
57,ContA_PFCd_1_L,313.75572,1370.0,0.0,0.0,8,4,2,0,1.0,1.0,1.0,-inf
58,ContA_PFCl_1_L,366.243689,1959.0,43.624,6.850624,5,4,2,0,1.0,1.0,1.0,-inf
59,ContA_PFCl_2_L,597.342148,2898.0,43.624,6.850624,5,4,2,0,1.0,1.0,1.0,-inf
60,ContA_PFCl_3_L,296.773514,1140.0,43.624,6.850624,5,4,2,0,1.0,1.0,1.0,-inf
61,ContA_PFCl_4_L,368.039826,1534.0,43.624,6.850624,5,4,2,0,1.0,1.0,1.0,-inf
62,ContA_Temp_1_L,264.043973,1531.0,0.0,0.0,1,1,1,0,1.0,1.0,1.0,-inf
63,ContB_FPole_1_L,311.101277,1024.0,512.024,5.327424,0,0,0,0,1.0,1.0,1.0,nan
64,ContB_IPL_1_L,31.076995,294.0,0.0,0.0,1,1,1,0,1.0,1.0,1.0,-inf
65,ContB_IPL_2_L,96.795929,425.0,0.0,0.0,1,1,1,0,1.0,1.0,1.0,-inf
66,ContB_IPS_1_L,15.118302,290.0,0.0,0.0,1,1,1,0,1.0,1.0,1.0,-inf
67,ContB_OFC_1_L,145.958458,445.0,43.624,6.850624,5,4,2,0,1.0,1.0,1.0,-inf
68,ContB_OFC_2_L,128.168765,483.0,512.024,5.327424,0,0,0,0,1.0,1.0,1.0,nan
69,ContB_OFC_3_L,49.696605,279.0,512.024,5.327424,0,0,0,0,1.0,1.0,1.0,nan
70,ContB_PCC_1_L,110.668924,328.0,512.024,5.327424,0,0,0,0,1.0,1.0,1.0,nan
71,ContB_PFCd_1_L,161.798304,694.0,0.0,0.0,8,4,2,0,1.0,1.0,1.0,-inf
72,ContB_PFCmp_1_L,998.412058,3105.0,64.256,0.958464,2,0,0,0,1.0,1.0,1.0,nan
73,ContB_Temp_1_L,152.616356,979.0,0.0,0.0,1,1,1,0,1.0,1.0,1.0,-inf
74,ContB_Temp_2_L,207.225756,1177.0,0.0,0.0,1,1,1,0,1.0,1.0,1.0,-inf
75,ContC_Cingp_1_L,33.064354,277.0,512.024,5.327424,0,0,0,0,1.0,1.0,1.0,nan
76,ContC_Cingp_2_L,440.704,1325.0,31.12,9.1456,4,3,0,0,1.0,1.0,1.0,nan
77,ContC_FPole_1_L,396.218035,1318.0,512.024,5.327424,0,0,0,0,1.0,1.0,1.0,nan
78,ContC_Ins_1_L,35.404403,154.0,480.048,11113.501696,0,0,0,0,0.91,1.0,1.0,nan
79,ContC_PFCm_1_L,446.394726,1755.0,512.024,5.327424,0,0,0,0,1.0,1.0,1.0,nan
80,ContC_PFCm_2_L,288.699872,920.0,512.024,5.327424,0,0,0,0,1.0,1.0,1.0,nan
81,ContC_PHC_1_L,47.502201,332.0,512.024,5.327424,0,0,0,0,1.0,1.0,1.0,nan
82,ContC_pCun_1_L,17.869763,100.0,31.12,9.1456,4,3,0,0,1.0,1.0,1.0,nan
83,ContC_pCun_2_L,98.166236,347.0,512.024,5.327424,0,0,0,0,1.0,1.0,1.0,nan
84,SalVenAttnA_FrMed_1_L,489.730094,1800.0,64.256,0.958464,2,0,0,0,1.0,1.0,1.0,nan
85,SalVenAttnA_FrMed_2_L,221.909079,612.0,0.0,0.0,8,4,2,0,1.0,1.0,1.0,-inf
86,SalVenAttnA_FrOper_1_L,108.506304,1151.0,43.624,6.850624,5,4,2,0,1.0,1.0,1.0,-inf
87,SalVenAttnA_IPL_1_L,31.338846,354.0,0.0,0.0,1,1,1,0,1.0,1.0,1.0,-inf
88,SalVenAttnA_Ins_1_L,453.160788,2888.0,43.624,6.850624,5,4,2,0,1.0,1.0,1.0,-inf
89,SalVenAttnA_Ins_2_L,154.414192,955.0,31.12,9.1456,4,3,0,0,1.0,1.0,1.0,nan
90,SalVenAttnA_Ins_3_L,120.895184,979.0,31.12,9.1456,4,3,0,0,1.0,1.0,1.0,nan
91,SalVenAttnA_PFCd_1_L,637.863633,1880.0,0.0,0.0,8,4,2,0,1.0,1.0,1.0,-inf
92,SalVenAttnA_SPL_1_L,85.43591,381.0,121.096,197.662784,10,0,0,0,0.931429,1.0,1.0,nan
93,SalVenAttnA_SPL_2_L,270.852837,832.0,31.12,9.1456,4,3,0,0,1.0,1.0,1.0,nan
94,SalVenAttnA_SPL_3_L,253.700857,888.0,31.12,9.1456,4,3,0,0,1.0,1.0,1.0,nan
95,SalVenAttnB_IFG_1_L,435.680589,2818.0,43.624,6.850624,5,4,2,0,1.0,1.0,1.0,-inf
96,SalVenAttnB_IPL_1_L,34.278681,200.0,25.12,155.0656,4,3,0,0,0.798571,0.7744,0.718,nan
97,SalVenAttnB_IPL_2_L,0.0,44.0,8.808,294.051136,1,1,1,0,0.438571,0.3712,0.214,-inf
98,SalVenAttnB_Ins_1_L,94.158216,770.0,43.624,6.850624,5,4,2,0,1.0,1.0,1.0,-inf
99,SalVenAttnB_Ins_2_L,538.626804,2414.0,43.624,6.850624,5,4,2,0,1.0,1.0,1.0,-inf
100,SalVenAttnB_OFC_1_L,0.0,89.0,508.656,1421.873664,0,0,0,0,0.991429,0.9952,0.994,nan
101,SalVenAttnB_OFC_2_L,0.0,0.0,117.12,29761.8816,9,3,0,0,0.07,0.1312,0.178,-inf
102,SalVenAttnB_PFCl_1_L,298.858042,967.0,43.624,6.850624,5,4,2,0,1.0,1.0,1.0,-inf
103,SalVenAttnB_PFCl_2_L,466.588936,1343.0,64.256,0.958464,2,0,0,0,1.0,1.0,1.0,nan
104,SalVenAttnB_PFCl_3_L,374.464016,1444.0,43.624,6.850624,5,4,2,0,1.0,1.0,1.0,-inf
105,SalVenAttnB_PFCmp_1_L,494.873317,1606.0,512.024,5.327424,0,0,0,0,1.0,1.0,1.0,nan
106,SalVenAttnB_SPL_1_L,282.553191,1016.0,31.12,9.1456,4,3,0,0,1.0,1.0,1.0,nan
107,SalVenAttnB_Temp_1_L,46.975803,456.0,0.0,0.0,1,1,1,0,1.0,1.0,1.0,-inf
108,DorsAttnA_IPL_1_L,0.0,0.0,137.312,31692.358656,9,3,0,0,0.095714,0.1408,0.232,-inf
109,DorsAttnA_IPL_2_L,0.0,0.0,144.608,32420.814336,9,3,0,0,0.112857,0.1408,0.22,-inf
110,DorsAttnA_IPS_1_L,15.366993,373.0,31.12,9.1456,4,3,0,0,1.0,1.0,1.0,nan
111,DorsAttnA_IPS_2_L,0.0,90.0,39.968,2357.854976,4,3,0,0,0.965714,1.0,1.0,nan
112,DorsAttnA_IPS_3_L,0.0,46.0,192.88,20556.1216,9,3,0,0,0.571429,0.6544,0.568,-inf
113,DorsAttnA_IPS_4_L,0.0,0.0,101.36,23127.7184,9,3,0,0,0.061429,0.1744,0.178,-inf
114,DorsAttnA_PFCd_1_L,631.448153,2227.0,0.0,0.0,8,4,2,0,1.0,1.0,1.0,-inf
115,DorsAttnA_PrCd_1_L,234.412178,830.0,0.0,0.0,8,4,2,0,1.0,1.0,1.0,-inf
116,DorsAttnA_PrCv_1_L,162.23742,1525.0,43.624,6.850624,5,4,2,0,1.0,1.0,1.0,-inf
117,DorsAttnA_SPL_1_L,190.215998,567.0,31.12,9.1456,4,3,0,0,1.0,1.0,1.0,nan
118,DorsAttnA_SPL_2_L,99.393828,393.0,32.344,384.345664,4,3,0,0,0.995714,1.0,1.0,nan
119,DorsAttnA_TempOcc_1_L,207.128319,1456.0,0.0,0.0,1,1,1,0,1.0,1.0,1.0,-inf
120,DorsAttnA_TempOcc_2_L,204.992703,1223.0,0.0,0.0,1,1,1,0,1.0,1.0,1.0,-inf
121,DorsAttnA_TempOcc_3_L,122.862242,880.0,0.0,0.0,1,1,1,0,1.0,1.0,1.0,-inf
122,DorsAttnA_TempPole_1_L,0.0,0.0,95.344,24374.737664,7,2,0,0,0.052857,0.0496,0.028,-inf
123,DorsAttnA_TempPole_2_L,0.0,0.0,105.36,27322.5664,1,3,0,0,0.057143,0.088,0.082,-inf
124,DorsAttnB_FrMed_1_L,501.443147,1385.0,0.0,0.0,8,4,2,0,1.0,1.0,1.0,-inf
125,DorsAttnB_ParOper_1_L,0.0,0.0,115.456,26772.184064,9,3,0,0,0.095714,0.136,0.166,-inf
126,DorsAttnB_PostC_1_L,0.0,0.0,110.696,29023.595584,7,3,0,0,0.07,0.0832,0.118,-inf
127,DorsAttnB_PostC_2_L,0.0,0.0,94.744,23313.766464,7,2,0,0,0.087143,0.0784,0.1,-inf
128,DorsAttnB_PostC_3_L,0.0,92.0,7.824,244.321024,8,4,2,0,0.395714,0.4,0.25,-inf
129,DorsAttnB_PrCd_1_L,605.658481,2159.0,0.0,0.0,8,4,2,0,1.0,1.0,1.0,-inf
130,DorsAttnB_PrCd_2_L,529.450191,1755.0,0.0,0.0,8,4,2,0,1.0,1.0,1.0,-inf
131,DorsAttnB_PrCv_1_L,23.370158,632.0,0.536,23.664704,8,4,2,0,0.987143,1.0,1.0,-inf
132,DorsAttnB_SPL_1_L,0.0,0.0,110.08,32390.9056,0,0,0,0,0.091429,0.0544,0.052,-inf
133,DorsAttnB_SPL_2_L,263.946704,1019.0,31.12,9.1456,4,3,0,0,1.0,1.0,1.0,nan
134,DorsAttnB_SPL_3_L,223.047579,860.0,31.12,9.1456,4,3,0,0,1.0,1.0,1.0,nan
135,DorsAttnB_SPL_4_L,271.165921,855.0,31.12,9.1456,4,3,0,0,1.0,1.0,1.0,nan
136,Aud_Ins_1_L,51.146049,1141.0,29.76,64.7424,4,3,0,0,0.927143,0.9184,0.898,-inf
137,Aud_ParOcc_1_L,49.097858,554.0,0.0,0.0,1,1,1,0,1.0,1.0,1.0,-inf
138,Aud_ST_1_L,141.990672,717.0,31.12,9.1456,4,3,0,0,1.0,1.0,1.0,nan
139,Aud_ST_2_L,48.502758,558.0,0.0,0.0,1,1,1,0,1.0,1.0,1.0,-inf
140,Aud_ST_3_L,32.047645,309.0,0.0,0.0,1,1,1,0,1.0,1.0,1.0,-inf
141,Aud_ST_4_L,0.0,45.0,7.072,217.378816,1,1,1,0,0.425714,0.3568,0.196,-inf
142,Aud_ST_5_L,15.996731,248.0,0.0,0.0,1,1,1,0,1.0,1.0,1.0,-inf
143,Aud_ST_6_L,112.361255,595.0,0.0,0.0,1,1,1,0,1.0,1.0,1.0,-inf
144,Aud_ST_7_L,15.293591,152.0,0.0,0.0,1,1,1,0,1.0,1.0,1.0,-inf
145,Aud_TempPole_1_L,0.0,0.0,128.104,29592.901184,9,3,0,0,0.1,0.1312,0.172,-inf
146,SomMotA_ParOper_1_L,0.0,0.0,118.312,29954.670656,9,3,0,0,0.057143,0.1408,0.226,-inf
147,SomMotA_1_L,279.297682,843.0,0.0,0.0,8,4,2,0,1.0,1.0,1.0,-inf
148,SomMotA_2_L,282.767808,1092.0,0.0,0.0,8,4,2,0,1.0,1.0,1.0,-inf
149,SomMotA_3_L,109.429878,632.0,31.12,9.1456,4,3,0,0,1.0,1.0,1.0,nan
150,SomMotA_4_L,0.0,138.0,2.184,103.886144,8,4,2,0,0.447143,0.4336,0.292,-inf
151,SomMotA_5_L,0.0,44.0,6.448,246.615296,1,4,2,0,0.395714,0.3472,0.184,-inf
152,SomMotA_6_L,314.067554,1023.0,31.12,9.1456,4,3,0,0,1.0,1.0,1.0,nan
153,SomMotA_7_L,168.68959,971.0,31.12,9.1456,4,3,0,0,1.0,1.0,1.0,nan
154,SomMotA_8_L,0.0,189.0,2.248,112.146496,8,4,2,0,0.588571,0.5824,0.478,-inf
155,SomMotA_9_L,292.931487,908.0,31.12,9.1456,4,3,0,0,1.0,1.0,1.0,nan
156,SomMotA_10_L,476.380219,1347.0,0.0,0.0,8,4,2,0,1.0,1.0,1.0,-inf
157,SomMotA_11_L,290.975889,786.0,0.0,0.0,8,4,2,0,1.0,1.0,1.0,-inf
158,SomMotA_12_L,207.108132,582.0,0.0,0.0,8,4,2,0,1.0,1.0,1.0,-inf
159,SomMotB_Ins_1_L,92.855339,2023.0,43.624,6.850624,5,4,2,0,1.0,1.0,1.0,-inf
160,SomMotB_ParOper_1_L,229.909201,979.0,31.12,9.1456,4,3,0,0,1.0,1.0,1.0,nan
161,SomMotB_ParOper_2_L,0.0,0.0,128.376,29895.810624,9,3,0,0,0.108571,0.2128,0.274,-inf
162,SomMotB_1_L,330.500218,1085.0,0.0,0.0,8,4,2,0,1.0,1.0,1.0,-inf
163,SomMotB_2_L,238.10605,829.0,31.12,9.1456,4,3,0,0,1.0,1.0,1.0,nan
164,SomMotB_3_L,131.164824,784.0,0.0,0.0,8,4,2,0,1.0,1.0,1.0,-inf
165,SomMotB_4_L,143.065249,948.0,0.0,0.0,8,4,2,0,1.0,1.0,1.0,-inf
166,SomMotB_5_L,0.0,89.0,22.96,240.4224,4,3,0,0,0.584286,0.5344,0.418,-inf
167,SomMotB_6_L,0.0,136.0,11.184,281.702144,8,4,2,0,0.657143,0.7312,0.664,-inf
168,SomMotB_7_L,0.0,709.0,43.624,6.850624,5,4,2,0,1.0,1.0,1.0,-inf
169,SomMotB_8_L,0.0,0.0,109.032,26100.902976,9,3,0,0,0.078571,0.1552,0.148,-inf
170,SomMotB_9_L,0.0,611.0,43.624,6.850624,5,4,2,0,1.0,1.0,1.0,-inf
171,VisualA_ExStr_1_L,0.0,0.0,110.168,27269.971776,0,3,0,0,0.044286,0.1168,0.178,-inf
172,VisualA_ExStr_2_L,0.0,44.0,297.928,1983.306816,9,3,0,0,0.94,0.9328,0.916,-inf
173,VisualA_ExStr_3_L,0.0,45.0,223.544,19079.008064,9,3,0,0,0.704286,0.712,0.64,-inf
174,VisualA_ExStr_4_L,0.0,0.0,94.608,23672.110336,1,3,0,0,0.121429,0.0928,0.166,-inf
175,VisualA_ExStr_5_L,0.0,145.0,1.872,112.335616,1,1,1,0,0.957143,0.952,0.94,-inf
176,VisualA_ExStr_6_L,0.0,0.0,134.08,30528.1856,0,0,0,0,0.07,0.0784,0.154,-inf
177,VisualA_ExStr_7_L,15.5762,296.0,0.0,0.0,1,1,1,0,1.0,1.0,1.0,-inf
178,VisualA_ExStr_8_L,0.0,0.0,125.0,30159.592,9,3,0,0,0.07,0.1696,0.208,-inf
179,VisualA_ExStr_9_L,0.0,0.0,73.568,15788.101376,4,3,0,0,0.082857,0.184,0.13,-inf
180,VisualA_ExStr_10_L,0.0,0.0,110.976,25260.711424,1,3,0,0,0.091429,0.16,0.184,-inf
181,VisualA_ExStr_11_L,0.0,53.0,7.12,232.9216,1,1,1,0,0.73,0.6976,0.622,-inf
182,VisualA_PrC_1_L,135.826178,893.0,0.0,0.0,8,4,2,0,1.0,1.0,1.0,-inf
183,VisualA_SPL_1_L,0.0,47.0,219.712,15514.029056,9,3,0,0,0.627143,0.8944,0.886,nan
184,VisualB_ExStrInf_1_L,0.0,0.0,118.016,27565.791744,9,3,0,0,0.074286,0.112,0.16,-inf
185,VisualB_ExStrInf_2_L,0.0,0.0,140.984,33648.167744,0,3,0,0,0.091429,0.1264,0.262,-inf
186,VisualB_ExStrInf_3_L,0.0,0.0,132.096,32646.422784,0,0,0,0,0.082857,0.136,0.262,-inf
187,VisualB_ExStrInf_4_L,0.0,0.0,135.584,32336.018944,0,3,0,0,0.082857,0.1408,0.28,-inf
188,VisualB_ExStrSup_1_L,0.0,45.0,225.688,18672.142656,9,3,0,0,0.712857,0.7072,0.634,-inf
189,VisualB_ExStrSup_2_L,31.875948,141.0,308.336,34.415104,9,3,0,0,1.0,1.0,1.0,nan
190,VisualB_ExStrSup_3_L,0.0,0.0,157.944,40858.028864,0,0,0,0,0.155714,0.1792,0.238,-inf
191,VisualB_ExStrSup_4_L,15.958835,48.0,3.584,829.938944,7,2,1,0,0.58,0.7456,0.682,-inf
192,VisualB_ExStrSup_5_L,0.0,0.0,89.208,18617.884736,1,3,0,0,0.074286,0.2128,0.214,-inf
193,VisualB_Striate_1_L,0.0,46.0,276.912,9650.592256,9,3,0,0,0.875714,0.8896,0.874,nan
194,VisualB_Striate_2_L,0.0,0.0,115.2,29508.192,7,2,0,0,0.095714,0.0832,0.1,-inf
195,VisualB_Striate_3_L,0.0,46.0,260.552,12578.719296,9,3,0,0,0.832857,0.8608,0.826,-inf
196,VisualC_ExStr_1_L,0.0,46.0,269.032,10577.542976,9,3,0,0,0.862857,0.8704,0.838,-inf
197,VisualC_ExStr_2_L,0.0,0.0,127.016,34093.959744,0,3,0,0,0.1,0.1552,0.274,-inf
198,VisualC_ExStr_3_L,0.0,0.0,130.432,30656.581376,9,3,0,0,0.078571,0.0976,0.178,-inf
199,VisualC_Striate_1_L,0.0,91.0,304.68,1161.7296,9,3,0,0,0.987143,1.0,1.0,nan
200,DefaultA_IPL_1_R,550.037718,1371.0,0.0,0.0,7,2,1,0,1.0,1.0,1.0,-inf
201,DefaultA_PCC_1_R,184.848071,497.0,512.024,5.327424,0,0,0,0,1.0,1.0,1.0,nan
202,DefaultA_PFCd_1_R,946.212422,1568.0,114.0,0.0,12,5,2,0,1.0,1.0,1.0,-inf
203,DefaultA_PFCm_1_R,612.51199,2041.0,124.424,6.236224,10,0,0,0,1.0,1.0,1.0,nan
204,DefaultA_PFCm_2_R,775.554479,2286.0,124.424,6.236224,10,0,0,0,1.0,1.0,1.0,nan
205,DefaultA_PFCm_3_R,431.021559,1475.0,512.024,5.327424,0,0,0,0,1.0,1.0,1.0,nan
206,DefaultA_PFCm_4_R,0.0,0.0,138.632,37211.360576,0,3,0,0,0.112857,0.1264,0.25,-inf
207,DefaultA_PHC_1_R,196.964852,618.0,308.336,34.415104,9,3,0,0,1.0,1.0,1.0,nan
208,DefaultA_Temp_1_R,54.40203,241.0,0.0,0.0,3,2,1,0,1.0,1.0,1.0,-inf
209,DefaultA_Temp_2_R,226.802194,1110.0,308.336,34.415104,9,3,0,0,1.0,1.0,1.0,nan
210,DefaultA_Temp_3_R,295.342735,975.0,0.0,0.0,3,2,1,0,1.0,1.0,1.0,-inf
211,DefaultA_TempPole_1_R,36.093171,193.0,308.336,34.415104,9,3,0,0,1.0,1.0,1.0,nan
212,DefaultA_TempPole_2_R,0.0,0.0,101.384,26150.996544,1,3,0,0,0.104286,0.04,0.094,-inf
213,DefaultA_pCun_1_R,138.933497,340.0,512.024,5.327424,0,0,0,0,1.0,1.0,1.0,nan
214,DefaultB_FPole_1_R,317.530668,1101.0,512.024,5.327424,0,0,0,0,1.0,1.0,1.0,nan
215,DefaultB_IPL_1_R,455.114922,1135.0,0.0,0.0,7,2,1,0,1.0,1.0,1.0,-inf
216,DefaultB_PFCd_1_R,1573.963968,3877.0,114.0,0.0,12,5,2,0,1.0,1.0,1.0,-inf
217,DefaultB_PFCd_2_R,793.872298,2131.0,124.424,6.236224,10,0,0,0,1.0,1.0,1.0,nan
218,DefaultB_PFCd_3_R,640.731441,1817.0,124.424,6.236224,10,0,0,0,1.0,1.0,1.0,nan
219,DefaultB_PFCd_4_R,855.486454,2459.0,124.424,6.236224,10,0,0,0,1.0,1.0,1.0,nan
220,DefaultB_PFCv_1_R,61.558538,182.0,308.336,34.415104,9,3,0,0,1.0,1.0,1.0,nan
221,DefaultB_Temp_1_R,378.280202,1025.0,0.0,0.0,3,2,1,0,1.0,1.0,1.0,-inf
222,DefaultB_Temp_2_R,201.686791,504.0,0.0,0.0,3,2,1,0,1.0,1.0,1.0,-inf
223,DefaultB_TempPole_1_R,173.928069,1090.0,308.336,34.415104,9,3,0,0,1.0,1.0,1.0,nan
224,DefaultB_pCun_1_R,172.295346,387.0,512.024,5.327424,0,0,0,0,1.0,1.0,1.0,nan
225,DefaultC_IPL_1_R,258.10221,723.0,0.0,0.0,3,2,1,0,1.0,1.0,1.0,-inf
226,DefaultC_IPL_2_R,415.347371,1073.0,0.0,0.0,7,2,1,0,0.7,1.0,1.0,-inf
227,DefaultC_IPL_3_R,355.087192,847.0,0.0,0.0,7,2,1,0,1.0,1.0,1.0,-inf
228,DefaultC_PFCd_1_R,1099.902081,2385.0,114.0,0.0,12,5,2,0,1.0,1.0,1.0,-inf
229,DefaultC_PHC_1_R,67.795105,185.0,512.024,5.327424,0,0,0,0,1.0,1.0,1.0,nan
230,DefaultC_PHC_2_R,125.28067,492.0,0.0,0.0,7,2,1,0,1.0,1.0,1.0,-inf
231,DefaultC_RSC_1_R,31.834046,91.0,31.12,9.1456,4,3,0,0,1.0,1.0,1.0,nan
232,DefaultC_RSC_2_R,196.772855,357.0,512.024,5.327424,0,0,0,0,1.0,1.0,1.0,nan
233,DefaultC_RSC_3_R,169.732487,288.0,512.024,5.327424,0,0,0,0,1.0,1.0,1.0,nan
234,DefaultC_pCun_1_R,150.549238,421.0,512.024,5.327424,0,0,0,0,1.0,1.0,1.0,nan
235,DefaultC_pCun_2_R,97.561446,234.0,385.056,48900.964864,0,0,0,0,0.734286,0.7024,1.0,nan
236,Language_IFG_1_R,303.818207,683.0,60.256,41.470464,13,5,2,0,1.0,1.0,1.0,-inf
237,Language_PFCd_1_R,1558.713391,3524.0,114.0,0.0,12,5,2,0,1.0,1.0,1.0,-inf
238,Language_PFCl_1_R,1273.723736,2379.0,114.0,0.0,12,5,2,0,1.0,1.0,1.0,-inf
239,Language_PFCl_2_R,1288.231064,2533.0,60.256,41.470464,13,5,2,0,1.0,1.0,1.0,-inf
240,Language_Temp_1_R,291.663102,784.0,0.0,0.0,3,2,1,0,1.0,1.0,1.0,-inf
241,Language_Temp_2_R,52.791123,327.0,0.0,0.0,3,2,1,0,1.0,1.0,1.0,-inf
242,Language_TempPole_1_R,264.905542,786.0,0.0,0.0,3,2,1,0,1.0,1.0,1.0,-inf
243,Language_TempPole_2_R,31.196276,364.0,308.336,34.415104,9,3,0,0,1.0,1.0,1.0,nan
244,ContA_Cingm_1_R,838.909292,1847.0,31.12,9.1456,4,3,0,0,1.0,1.0,1.0,nan
245,ContA_IPS_1_R,247.333905,383.0,0.0,0.0,7,2,1,0,1.0,1.0,1.0,-inf
246,ContA_IPS_2_R,449.122117,979.0,0.0,0.0,7,2,1,0,1.0,1.0,1.0,-inf
247,ContA_IPS_3_R,319.662986,855.0,0.0,0.0,7,2,1,0,1.0,1.0,1.0,-inf
248,ContA_IPS_4_R,226.250955,475.0,0.0,0.0,7,2,1,0,1.0,1.0,1.0,-inf
249,ContA_OFC_1_R,47.931905,139.0,308.336,34.415104,9,3,0,0,1.0,1.0,1.0,nan
250,ContA_PFCd_1_R,1374.612308,3034.0,114.0,0.0,12,5,2,0,1.0,1.0,1.0,-inf
251,ContA_PFCl_1_R,1528.432572,3333.0,114.0,0.0,12,5,2,0,1.0,1.0,1.0,-inf
252,ContA_PFCl_2_R,1235.254796,2507.0,60.256,41.470464,13,5,2,0,1.0,1.0,1.0,-inf
253,ContA_PFCl_3_R,1229.711852,2453.0,60.256,41.470464,13,5,2,0,1.0,1.0,1.0,-inf
254,ContA_PFCmp_1_R,1190.593292,2848.0,124.424,6.236224,10,0,0,0,1.0,1.0,1.0,nan
255,ContA_SPL_1_R,31.42771,337.0,0.0,0.0,6,3,0,0,1.0,1.0,1.0,nan
256,ContA_Temp_1_R,746.898333,2019.0,0.0,0.0,3,2,1,0,1.0,1.0,1.0,-inf
257,ContB_FPole_1_R,827.641058,2189.0,60.256,41.470464,13,5,2,0,1.0,1.0,1.0,-inf
258,ContB_IFG_1_R,1293.127064,2652.0,60.256,41.470464,13,5,2,0,1.0,1.0,1.0,-inf
259,ContB_IPL_1_R,497.499703,1160.0,0.0,0.0,7,2,1,0,1.0,1.0,1.0,-inf
260,ContB_IPL_2_R,580.727174,1409.0,0.0,0.0,3,2,1,0,1.0,1.0,1.0,-inf
261,ContB_IPS_1_R,548.506711,1429.0,0.0,0.0,7,2,1,0,1.0,1.0,1.0,-inf
262,ContB_OFC_1_R,542.983866,1134.0,60.256,41.470464,13,5,2,0,1.0,1.0,1.0,-inf
263,ContB_OFC_2_R,18.237806,53.0,45.256,3998.342464,4,3,0,0,0.948571,1.0,1.0,nan
264,ContB_OFC_3_R,30.95327,187.0,512.024,5.327424,0,0,0,0,1.0,1.0,1.0,nan
265,ContB_PCC_1_R,187.149531,389.0,512.024,5.327424,0,0,0,0,1.0,1.0,1.0,nan
266,ContB_PFCd_1_R,1799.517209,4054.0,114.0,0.0,12,5,2,0,1.0,1.0,1.0,-inf
267,ContB_PFCl_2_R,1637.348459,3511.0,114.0,0.0,12,5,2,0,1.0,1.0,1.0,-inf
268,ContB_PFCmp_1_R,1153.80752,3100.0,124.424,6.236224,10,0,0,0,1.0,1.0,1.0,nan
269,ContB_Temp_1_R,509.995032,1403.0,0.0,0.0,3,2,1,0,1.0,1.0,1.0,-inf
270,ContC_Cingp_1_R,467.872788,838.0,31.12,9.1456,4,3,0,0,1.0,1.0,1.0,nan
271,ContC_Cingp_2_R,138.12036,329.0,512.024,5.327424,0,0,0,0,1.0,1.0,1.0,nan
272,ContC_IPL_1_R,297.247906,652.0,0.0,0.0,7,2,1,0,1.0,1.0,1.0,-inf
273,ContC_Ins_1_R,175.838462,358.0,60.256,41.470464,13,5,2,0,1.0,1.0,1.0,-inf
274,ContC_OFC_1_R,87.702435,257.0,52.136,6873.981504,4,3,0,0,0.931429,0.9856,1.0,nan
275,ContC_OFC_2_R,0.0,0.0,116.944,29139.460864,7,3,0,0,0.061429,0.1264,0.178,-inf
276,ContC_PCC_1_R,0.0,0.0,140.688,36881.286656,0,0,0,0,0.117143,0.1168,0.214,-inf
277,ContC_PFCl_1_R,915.969934,1685.0,60.256,41.470464,13,5,2,0,1.0,1.0,1.0,-inf
278,ContC_PFCl_2_R,1208.325125,2753.0,60.256,41.470464,13,5,2,0,1.0,1.0,1.0,-inf
279,ContC_PFCl_3_R,531.957985,1164.0,124.424,6.236224,10,0,0,0,1.0,1.0,1.0,nan
280,ContC_PFCm_1_R,740.785165,1802.0,124.424,6.236224,10,0,0,0,1.0,1.0,1.0,nan
281,ContC_PFCm_2_R,303.62131,966.0,512.024,5.327424,0,0,0,0,1.0,1.0,1.0,nan
282,ContC_PFCm_3_R,832.303768,1561.0,124.424,6.236224,10,0,0,0,1.0,1.0,1.0,nan
283,ContC_pCun_1_R,31.369497,190.0,0.0,0.0,6,3,0,0,1.0,1.0,1.0,nan
284,SalVenAttnA_FrMed_1_R,986.59778,2577.0,0.0,0.0,11,4,2,0,1.0,1.0,1.0,-inf
285,SalVenAttnA_FrMed_2_R,1074.849341,2471.0,114.0,0.0,12,5,2,0,1.0,1.0,1.0,-inf
286,SalVenAttnA_FrMed_3_R,579.186539,933.0,124.424,6.236224,10,0,0,0,1.0,1.0,1.0,nan
287,SalVenAttnA_FrOper_1_R,680.648484,694.0,149.376,168.634624,14,5,2,0,1.0,1.0,1.0,-inf
288,SalVenAttnA_FrOper_2_R,660.314682,1140.0,149.376,168.634624,14,5,2,0,1.0,1.0,1.0,-inf
289,SalVenAttnA_IPL_1_R,455.595355,1027.0,0.0,0.0,7,2,1,0,1.0,1.0,1.0,-inf
290,SalVenAttnA_IPL_2_R,89.909588,232.0,0.0,0.0,7,2,1,0,1.0,1.0,1.0,-inf
291,SalVenAttnA_Ins_1_R,1521.14927,3217.0,149.376,168.634624,14,5,2,0,1.0,1.0,1.0,-inf
292,SalVenAttnA_Ins_2_R,1083.965925,2160.0,149.376,168.634624,14,5,2,0,1.0,1.0,1.0,-inf
293,SalVenAttnA_Ins_3_R,301.635602,1227.0,308.336,34.415104,9,3,0,0,1.0,1.0,1.0,nan
294,SalVenAttnA_PFCmp_1_R,813.048631,1637.0,124.424,6.236224,10,0,0,0,1.0,1.0,1.0,nan
295,SalVenAttnA_SPL_1_R,223.798682,405.0,31.12,9.1456,4,3,0,0,1.0,1.0,1.0,nan
296,SalVenAttnA_SPL_2_R,244.433746,756.0,0.0,0.0,6,3,0,0,1.0,1.0,1.0,nan
297,SalVenAttnB_IFG_1_R,1317.708357,2499.0,130.4,1624.0,14,5,2,0,0.674286,1.0,1.0,-inf
298,SalVenAttnB_IPL_1_R,260.544919,503.0,0.0,0.0,7,2,1,0,1.0,1.0,1.0,-inf
299,SalVenAttnB_IPL_2_R,415.181847,991.0,0.0,0.0,7,2,1,0,1.0,1.0,1.0,-inf
300,SalVenAttnB_IPL_3_R,277.367056,724.0,0.0,0.0,7,2,1,0,1.0,1.0,1.0,-inf
301,SalVenAttnB_Ins_1_R,1276.2583,2592.0,60.256,41.470464,13,5,2,0,1.0,1.0,1.0,-inf
302,SalVenAttnB_Ins_2_R,351.891018,446.0,60.256,41.470464,13,5,2,0,1.0,1.0,1.0,-inf
303,SalVenAttnB_Ins_3_R,864.266754,2617.0,308.336,34.415104,9,3,0,0,1.0,1.0,1.0,nan
304,SalVenAttnB_OFC_1_R,48.84188,233.0,308.336,34.415104,9,3,0,0,1.0,1.0,1.0,nan
305,SalVenAttnB_PFCd_1_R,848.171956,2060.0,0.0,0.0,11,4,2,0,1.0,1.0,1.0,-inf
306,SalVenAttnB_PFCl_1_R,1253.999521,2398.0,149.376,168.634624,14,5,2,0,1.0,1.0,1.0,-inf
307,SalVenAttnB_PFCl_2_R,712.60703,1737.0,60.256,41.470464,13,5,2,0,1.0,1.0,1.0,-inf
308,SalVenAttnB_PFCl_3_R,717.698961,1605.0,60.256,41.470464,13,5,2,0,1.0,1.0,1.0,-inf
309,SalVenAttnB_SPL_1_R,292.895902,756.0,0.0,0.0,6,3,0,0,1.0,1.0,1.0,nan
310,SalVenAttnB_Temp_1_R,434.072,1178.0,0.0,0.0,3,2,1,0,1.0,1.0,1.0,-inf
311,SalVenAttnB_Temp_2_R,380.840303,1113.0,0.0,0.0,3,2,1,0,1.0,1.0,1.0,-inf
312,DorsAttnA_IPS_1_R,367.731152,770.0,0.0,0.0,7,2,1,0,1.0,1.0,1.0,-inf
313,DorsAttnA_IPS_2_R,454.509218,1134.0,0.0,0.0,7,2,1,0,1.0,1.0,1.0,-inf
314,DorsAttnA_PrCd_1_R,1292.169295,2833.0,114.0,0.0,12,5,2,0,1.0,1.0,1.0,-inf
315,DorsAttnA_PrCv_1_R,1164.438122,2282.0,149.376,168.634624,14,5,2,0,1.0,1.0,1.0,-inf
316,DorsAttnA_SPL_1_R,361.184561,1156.0,0.0,0.0,6,3,0,0,1.0,1.0,1.0,nan
317,DorsAttnA_SPL_2_R,213.214652,791.0,0.0,0.0,6,3,0,0,1.0,1.0,1.0,nan
318,DorsAttnA_SPL_3_R,79.665367,346.0,0.0,0.0,6,3,0,0,1.0,1.0,1.0,nan
319,DorsAttnA_SPL_4_R,31.289864,146.0,272.928,9789.346816,9,3,0,0,0.875714,1.0,1.0,nan
320,DorsAttnA_TempOcc_1_R,671.934698,1852.0,0.0,0.0,3,2,1,0,1.0,1.0,1.0,-inf
321,DorsAttnA_TempOcc_2_R,451.910975,1263.0,0.0,0.0,3,2,1,0,1.0,1.0,1.0,-inf
322,DorsAttnA_TempPole_1_R,0.0,0.0,99.496,24772.913984,1,3,0,0,0.117143,0.0928,0.106,-inf
323,DorsAttnB_IPL_1_R,33.792024,44.0,58.912,7224.928256,7,2,1,0,0.605714,0.5584,0.448,-inf
324,DorsAttnB_IPL_2_R,82.751927,45.0,6.68,978.0816,7,2,1,0,0.875714,0.8608,0.826,-inf
325,DorsAttnB_PostC_1_R,47.062268,0.0,3.192,694.115136,6,3,0,0,0.841429,0.8272,0.784,nan
326,DorsAttnB_PostC_2_R,221.466395,271.0,0.0,0.0,7,2,1,0,1.0,1.0,1.0,-inf
327,DorsAttnB_PostC_3_R,224.535474,408.0,0.0,0.0,7,2,1,0,1.0,1.0,1.0,-inf
328,DorsAttnB_PrCd_1_R,913.704181,2265.0,0.0,0.0,11,4,2,0,1.0,1.0,1.0,-inf
329,DorsAttnB_PrCd_2_R,666.920402,1058.0,0.0,0.0,11,4,2,0,1.0,1.0,1.0,-inf
330,DorsAttnB_PrCd_3_R,1104.360114,2581.0,0.0,0.0,11,4,2,0,1.0,1.0,1.0,-inf
331,DorsAttnB_PrCv_1_R,914.49282,1362.0,149.376,168.634624,14,5,2,0,1.0,1.0,1.0,-inf
332,DorsAttnB_SPL_1_R,255.740637,622.0,0.0,0.0,6,3,0,0,1.0,1.0,1.0,nan
333,DorsAttnB_SPL_2_R,440.967706,1132.0,0.0,0.0,6,3,0,0,1.0,1.0,1.0,nan
334,DorsAttnB_SPL_3_R,280.40499,800.0,0.0,0.0,6,3,0,0,1.0,1.0,1.0,nan
335,Aud_Ins_1_R,1017.603722,2453.0,149.376,168.634624,14,5,2,0,1.0,1.0,1.0,-inf
336,Aud_ParOcc_1_R,342.53473,888.0,0.0,0.0,3,2,1,0,1.0,1.0,1.0,-inf
337,Aud_ParOper_1_R,445.989533,1144.0,0.0,0.0,7,2,1,0,1.0,1.0,1.0,-inf
338,Aud_ST_1_R,231.33364,534.0,0.0,0.0,3,2,1,0,1.0,1.0,1.0,-inf
339,Aud_ST_2_R,79.878214,229.0,308.336,34.415104,9,3,0,0,1.0,1.0,1.0,nan
340,Aud_ST_3_R,15.915172,91.0,308.336,34.415104,9,3,0,0,1.0,1.0,1.0,nan
341,Aud_ST_4_R,270.196091,670.0,0.0,0.0,3,2,1,0,1.0,1.0,1.0,-inf
342,Aud_ST_5_R,133.311758,417.0,308.336,34.415104,9,3,0,0,1.0,1.0,1.0,nan
343,Aud_Temp_1_R,255.846112,590.0,0.0,0.0,7,2,1,0,1.0,1.0,1.0,-inf
344,SomMotA_ParOper_1_R,89.961659,232.0,0.0,0.0,7,2,1,0,1.0,1.0,1.0,-inf
345,SomMotA_1_R,702.755467,1667.0,0.0,0.0,11,4,2,0,1.0,1.0,1.0,-inf
346,SomMotA_2_R,696.346465,1600.0,0.0,0.0,11,4,2,0,1.0,1.0,1.0,-inf
347,SomMotA_3_R,261.369809,468.0,0.0,0.0,7,2,1,0,1.0,1.0,1.0,-inf
348,SomMotA_4_R,95.395786,0.0,14.776,2172.181824,6,3,0,0,0.674286,0.6352,0.544,-inf
349,SomMotA_5_R,407.172371,1134.0,0.0,0.0,6,3,0,0,1.0,1.0,1.0,nan
350,SomMotA_6_R,433.859462,1013.0,0.0,0.0,6,3,0,0,1.0,1.0,1.0,nan
351,SomMotA_7_R,373.046528,835.0,0.0,0.0,6,3,0,0,1.0,1.0,1.0,nan
352,SomMotA_8_R,128.106754,0.0,21.368,3018.880576,6,3,0,0,0.597143,0.5488,0.436,-inf
353,SomMotA_9_R,316.584846,936.0,0.0,0.0,6,3,0,0,1.0,1.0,1.0,nan
354,SomMotA_10_R,514.018906,1428.0,0.0,0.0,11,4,2,0,1.0,1.0,1.0,-inf
355,SomMotA_11_R,422.613304,1088.0,0.0,0.0,11,4,2,0,1.0,1.0,1.0,-inf
356,SomMotA_12_R,465.877449,1164.0,0.0,0.0,11,4,2,0,1.0,1.0,1.0,-inf
357,SomMotB_Ins_1_R,1482.293238,3447.0,149.376,168.634624,14,5,2,0,1.0,1.0,1.0,-inf
358,SomMotB_Ins_2_R,256.210741,229.0,149.376,168.634624,14,5,2,0,1.0,1.0,1.0,-inf
359,SomMotB_ParOper_1_R,183.793098,236.0,149.376,168.634624,14,5,2,0,1.0,1.0,1.0,-inf
360,SomMotB_ParOper_2_R,70.203576,92.0,0.0,0.0,7,2,1,0,1.0,1.0,1.0,-inf
361,SomMotB_1_R,442.681703,1089.0,0.0,0.0,11,4,2,0,1.0,1.0,1.0,-inf
362,SomMotB_2_R,419.707005,1052.0,0.0,0.0,6,3,0,0,1.0,1.0,1.0,nan
363,SomMotB_3_R,920.817426,1444.0,149.376,168.634624,14,5,2,0,1.0,1.0,1.0,-inf
364,SomMotB_4_R,77.417004,0.0,0.0,0.0,6,3,0,0,1.0,1.0,1.0,nan
365,SomMotB_5_R,775.088683,1156.0,149.376,168.634624,14,5,2,0,1.0,1.0,1.0,-inf
366,SomMotB_6_R,446.245875,362.0,149.376,168.634624,14,5,2,0,1.0,1.0,1.0,-inf
367,SomMotB_7_R,101.685531,89.0,1.984,324.767744,7,2,1,0,0.987143,0.9856,0.982,-inf
368,VisualA_ExStr_1_R,15.372172,225.0,308.336,34.415104,9,3,0,0,1.0,1.0,1.0,nan
369,VisualA_ExStr_2_R,349.479859,1126.0,0.0,0.0,7,2,1,0,1.0,1.0,1.0,-inf
370,VisualA_ExStr_3_R,78.940355,285.0,308.336,34.415104,9,3,0,0,1.0,1.0,1.0,nan
371,VisualA_ExStr_4_R,118.547111,434.0,0.0,0.0,6,3,0,0,1.0,1.0,1.0,nan
372,VisualA_ExStr_5_R,30.477187,183.0,308.336,34.415104,9,3,0,0,1.0,1.0,1.0,nan
373,VisualA_ExStr_6_R,49.785867,144.0,0.0,0.0,6,3,0,0,1.0,1.0,1.0,nan
374,VisualA_ExStr_7_R,349.561534,1000.0,0.0,0.0,3,2,1,0,1.0,1.0,1.0,-inf
375,VisualA_ExStr_8_R,411.656927,1190.0,0.0,0.0,3,2,1,0,1.0,1.0,1.0,-inf
376,VisualA_ExStr_9_R,31.153827,141.0,308.336,34.415104,9,3,0,0,1.0,1.0,1.0,nan
377,VisualA_ExStr_10_R,31.434351,271.0,308.336,34.415104,9,3,0,0,1.0,1.0,1.0,nan
378,VisualA_ExStr_11_R,21.974269,61.0,3.072,1088.290816,3,2,1,0,0.665714,0.7696,0.712,-inf
379,VisualA_ExStr_12_R,22.630872,153.0,0.0,0.0,3,2,1,0,1.0,1.0,1.0,-inf
380,VisualA_PrC_1_R,1351.081633,2669.0,149.376,168.634624,14,5,2,0,1.0,1.0,1.0,-inf
381,VisualA_SPL_1_R,330.334785,654.0,0.0,0.0,7,2,1,0,1.0,1.0,1.0,-inf
382,VisualA_SPL_2_R,443.708671,1181.0,0.0,0.0,6,3,0,0,1.0,1.0,1.0,nan
383,VisualB_ExStrInf_1_R,110.614847,327.0,308.336,34.415104,9,3,0,0,1.0,1.0,1.0,nan
384,VisualB_ExStrInf_2_R,17.00398,138.0,177.6,23625.536,9,3,0,0,0.541429,1.0,1.0,nan
385,VisualB_ExStrInf_3_R,0.0,0.0,124.336,29175.631104,9,3,0,0,0.087143,0.1024,0.154,-inf
386,VisualB_ExStrInf_4_R,69.0463,185.0,512.024,5.327424,0,0,0,0,1.0,1.0,1.0,nan
387,VisualB_ExStrSup_1_R,48.165365,280.0,308.336,34.415104,9,3,0,0,1.0,1.0,1.0,nan
388,VisualB_ExStrSup_2_R,80.810813,286.0,308.336,34.415104,9,3,0,0,1.0,1.0,1.0,nan
389,VisualB_ExStrSup_3_R,0.0,0.0,103.456,23253.304064,4,3,0,0,0.07,0.1552,0.154,-inf
390,VisualB_ExStrSup_4_R,30.659378,181.0,308.336,34.415104,9,3,0,0,1.0,1.0,1.0,nan
391,VisualB_ExStrSup_5_R,15.21343,94.0,303.56,1530.8944,9,3,0,0,0.982857,0.9856,0.982,nan
392,VisualB_SPL_1_R,299.879352,933.0,0.0,0.0,6,3,0,0,1.0,1.0,1.0,nan
393,VisualB_Striate_1_R,97.324604,421.0,308.336,34.415104,9,3,0,0,1.0,1.0,1.0,nan
394,VisualB_Striate_2_R,30.659849,94.0,308.336,34.415104,9,3,0,0,1.0,1.0,1.0,nan
395,VisualB_Striate_3_R,96.793228,675.0,304.912,1156.512256,9,3,0,0,0.987143,1.0,1.0,nan
396,VisualC_ExStr_1_R,31.780774,231.0,308.336,34.415104,9,3,0,0,1.0,1.0,1.0,nan
397,VisualC_ExStr_2_R,30.841546,317.0,308.336,34.415104,9,3,0,0,1.0,1.0,1.0,nan
398,VisualC_ExStr_3_R,116.238432,435.0,308.336,34.415104,9,3,0,0,1.0,1.0,1.0,nan
399,VisualC_ExStr_4_R,15.261643,47.0,308.336,34.415104,9,3,0,0,1.0,1.0,1.0,nan
