407.256000,0.060000,66.892000,36.824000,5.484000,0.000000,0.000000,0.000000,0.000000,171.252000,3.940000,229.088000,0.000000,0.000000,1.000000
0.060000,0.000000,241.224000,0.000000,2.040000,0.000000,0.000000,0.000000,0.000000,0.000000,0.000000,0.000000,0.000000,0.000000,0.000000
66.892000,241.224000,96.744000,0.000000,9.352000,18.168000,29.920000,0.000000,0.000000,301.016000,66.536000,201.048000,0.000000,0.000000,64.864000
36.824000,0.000000,0.000000,37.696000,327.128000,0.000000,0.000000,0.000000,0.000000,2.040000,5.000000,168.408000,0.000000,3.016000,0.000000
5.484000,2.040000,9.352000,327.128000,148.272000,2.000000,0.000000,149.664000,57.864000,37.288000,36.712000,0.000000,80.240000,188.460000,0.000000
0.000000,0.000000,18.168000,0.000000,2.000000,0.000000,0.000000,19.432000,113.936000,32.288000,77.376000,54.560000,0.000000,0.000000,119.528000
0.000000,0.000000,29.920000,0.000000,0.000000,0.000000,0.000000,60.936000,153.092000,0.000000,2.000000,0.000000,4.000000,0.000000,17.608000
0.000000,0.000000,0.000000,0.000000,149.664000,19.432000,60.936000,35.552000,0.000000,152.524000,257.008000,0.000000,26.104000,37.680000,0.000000
0.000000,0.000000,0.000000,0.000000,57.864000,113.936000,153.092000,0.000000,0.000000,19.000000,32.096000,58.148000,0.000000,0.000000,0.000000
171.252000,0.000000,301.016000,2.040000,37.288000,32.288000,0.000000,152.524000,19.000000,620.448000,220.628000,76.784000,491.392000,409.132000,142.484000
3.940000,0.000000,66.536000,5.000000,36.712000,77.376000,2.000000,257.008000,32.096000,220.628000,226.296000,33.216000,262.388000,210.340000,134.516000
229.088000,0.000000,201.048000,168.408000,0.000000,54.560000,0.000000,0.000000,58.148000,76.784000,33.216000,76.288000,3.000000,0.000000,0.000000
0.000000,0.000000,0.000000,0.000000,80.240000,0.000000,4.000000,26.104000,0.000000,491.392000,262.388000,3.000000,4.000000,0.000000,0.000000
0.000000,0.000000,0.000000,3.016000,188.460000,0.000000,0.000000,37.680000,0.000000,409.132000,210.340000,0.000000,0.000000,0.000000,1.000000
1.000000,0.000000,64.864000,0.000000,0.000000,119.528000,17.608000,0.000000,0.000000,142.484000,134.516000,0.000000,0.000000,1.000000,4.000000
