512.024000,0.000000,107.284000,0.000000,34.344000,0.000000,0.000000,0.000000,0.000000,6.984000,357.560000,0.000000,37.760000,28.012000,0.000000
0.000000,0.000000,0.000000,0.000000,16.148000,509.016000,0.000000,0.000000,60.208000,0.000000,0.000000,0.000000,0.000000,0.000000,0.000000
107.284000,0.000000,64.256000,0.000000,29.568000,54.780000,0.000000,0.000000,1.000000,0.000000,187.632000,38.192000,157.944000,112.216000,24.984000
0.000000,0.000000,0.000000,0.000000,3.000000,0.000000,12.228000,1.000000,0.000000,27.828000,0.000000,0.000000,166.736000,243.440000,255.540000
34.344000,16.148000,29.568000,3.000000,31.120000,80.204000,334.712000,10.012000,31.828000,35.224000,25.084000,109.624000,25.032000,0.000000,34.888000
0.000000,509.016000,54.780000,0.000000,80.204000,43.624000,0.000000,0.000000,97.768000,0.000000,70.020000,10.024000,74.000000,16.016000,6.004000
0.000000,0.000000,0.000000,12.228000,334.712000,0.000000,0.000000,0.000000,35.244000,55.856000,29.052000,0.000000,53.580000,0.000000,92.288000
0.000000,0.000000,0.000000,1.000000,10.012000,0.000000,0.000000,0.000000,0.000000,25.932000,2.000000,0.000000,175.340000,307.764000,386.152000
0.000000,60.208000,1.000000,0.000000,31.828000,97.768000,35.244000,0.000000,0.000000,0.000000,32.404000,240.352000,107.528000,0.000000,56.936000
6.984000,0.000000,0.000000,27.828000,35.224000,0.000000,55.856000,25.932000,0.000000,308.336000,0.000000,0.000000,0.000000,6.032000,23.092000
357.560000,0.000000,187.632000,0.000000,25.084000,70.020000,29.052000,2.000000,32.404000,0.000000,124.424000,9.808000,36.872000,46.916000,6.088000
0.000000,0.000000,38.192000,0.000000,109.624000,10.024000,0.000000,0.000000,240.352000,0.000000,9.808000,0.000000,95.000000,60.276000,129.784000
37.760000,0.000000,157.944000,166.736000,25.032000,74.000000,53.580000,175.340000,107.528000,0.000000,36.872000,95.000000,114.000000,162.384000,106.848000
28.012000,0.000000,112.216000,243.440000,0.000000,16.016000,0.000000,307.764000,0.000000,6.032000,46.916000,60.276000,162.384000,60.256000,70.920000
0.000000,0.000000,24.984000,255.540000,34.888000,6.004000,92.288000,386.152000,56.936000,23.092000,6.088000,129.784000,106.848000,70.920000,149.376000
